FIPS,n_oil_wells,n_gas_wells
01001,0,0
01003,23,20
01005,0,0
01007,0,69
01009,0,0
01011,0,0
01013,0,0
01015,0,0
01017,0,0
01019,0,0
01021,0,0
01023,56,0
01025,41,0
01027,0,0
01029,0,0
01031,0,0
01033,0,0
01035,177,0
01037,0,0
01039,12,0
01041,0,0
01043,0,0
01045,0,0
01047,0,0
01049,0,0
01051,0,0
01053,117,28
01055,0,0
01057,24,117
01059,0,2
01061,0,0
01063,0,0
01065,0,0
01067,0,0
01069,0,0
01071,0,0
01073,0,1117
01075,58,151
01077,0,0
01079,0,1
01081,0,0
01083,0,0
01085,0,0
01087,0,0
01089,0,0
01091,0,0
01093,1,16
01095,0,0
01097,162,49
01099,36,3
01101,0,0
01103,0,0
01105,0,0
01107,65,67
01109,0,0
01111,0,0
01113,0,0
01115,0,10
01117,0,317
01119,0,0
01121,0,0
01123,0,0
01125,0,4344
01127,0,271
01129,0,12
01131,0,0
01133,0,0
02013,0,0
02016,0,0
02020,0,0
02050,0,0
02060,0,0
02068,0,0
02070,0,0
02090,0,0
02100,0,0
02105,0,0
02110,0,0
02122,0,0
02130,0,0
02150,0,0
02164,0,0
02170,0,0
02180,0,0
02185,0,0
02188,0,0
02195,0,0
02198,0,0
02220,0,0
02230,0,0
02240,0,0
02261,0,0
02270,0,0
02275,0,0
02282,0,0
02290,0,0
04001,25,7
04003,0,0
04005,0,0
04007,0,0
04009,0,0
04011,0,0
04012,0,0
04013,0,0
04015,0,0
04017,0,0
04019,0,0
04021,0,0
04023,0,0
04025,0,0
04027,0,0
05001,0,0
05003,2,0
05005,0,0
05007,0,0
05009,0,0
05011,21,0
05013,22,0
05015,0,0
05017,0,0
05019,0,0
05021,0,0
05023,0,1111
05025,0,0
05027,527,0
05029,0,1226
05031,0,0
05033,0,409
05035,0,0
05037,0,0
05039,0,0
05041,0,0
05043,0,0
05045,0,485
05047,0,992
05049,0,0
05051,0,0
05053,0,0
05055,0,0
05057,3,0
05059,0,0
05061,0,0
05063,0,69
05065,0,0
05067,0,24
05069,0,0
05071,0,336
05073,177,0
05075,0,0
05077,0,0
05079,0,0
05081,0,0
05083,0,1095
05085,0,0
05087,0,2
05089,0,0
05091,137,0
05093,0,0
05095,0,0
05097,0,0
05099,64,1
05101,0,0
05103,161,0
05105,0,0
05107,0,0
05109,0,0
05111,0,0
05113,0,0
05115,0,244
05117,0,0
05119,0,0
05121,0,0
05123,0,0
05125,0,0
05127,0,193
05129,0,0
05131,0,1154
05133,0,0
05135,0,0
05137,0,0
05139,484,2
05141,0,1614
05143,0,30
05145,1,1338
05147,0,0
05149,0,201
06001,7,0
06003,0,0
06005,0,0
06007,0,9
06009,0,0
06011,0,248
06013,5,28
06015,0,0
06017,0,0
06019,3011,1
06021,0,279
06023,0,32
06025,0,0
06027,0,0
06029,60243,219
06031,219,1
06033,0,0
06035,0,0
06037,4822,12
06039,0,12
06041,0,0
06043,0,0
06045,0,0
06047,0,0
06049,0,0
06051,0,0
06053,1259,0
06055,0,0
06057,0,0
06059,1267,0
06061,0,0
06063,0,0
06065,0,0
06067,0,133
06069,28,2
06071,30,0
06073,0,0
06075,0,0
06077,0,51
06079,318,0
06081,10,0
06083,1738,4
06085,14,0
06087,0,0
06089,0,0
06091,0,0
06093,0,0
06095,0,125
06097,0,0
06099,0,2
06101,0,306
06103,0,117
06105,0,0
06107,81,0
06109,0,0
06111,2338,0
06113,0,25
06115,0,1
08001,803,513
08003,0,0
08005,184,31
08007,9,126
08009,29,111
08011,1,29
08013,274,271
08014,103,104
08015,0,0
08017,328,50
08019,0,0
08021,0,0
08023,0,0
08025,0,0
08027,0,0
08029,2,5
08031,16,27
08033,5,40
08035,0,0
08037,0,0
08039,66,11
08041,0,0
08043,71,3
08045,18,13578
08047,0,0
08049,0,0
08051,2,48
08053,0,0
08055,0,46
08057,109,89
08059,1,0
08061,78,47
08063,6,7
08065,0,0
08067,84,3423
08069,220,71
08071,8,2978
08073,196,9
08075,120,13
08077,28,2044
08079,0,0
08081,185,511
08083,40,108
08085,0,0
08087,91,11
08089,0,0
08091,0,0
08093,0,0
08095,0,264
08097,0,0
08099,3,28
08101,0,0
08103,665,3438
08105,0,0
08107,32,8
08109,0,0
08111,0,0
08113,2,172
08115,0,13
08117,0,0
08119,0,0
08121,278,166
08123,19783,12711
08125,1,3820
09001,0,0
09003,0,0
09005,0,0
09007,0,0
09009,0,0
09011,0,0
09013,0,0
09015,0,0
10001,0,0
10003,0,0
10005,0,0
11001,0,0
12001,0,0
12003,0,0
12005,0,0
12007,0,0
12009,0,0
12011,0,0
12013,0,0
12015,0,0
12017,0,0
12019,0,0
12021,11,0
12023,0,0
12027,0,0
12029,0,0
12031,0,0
12033,2,8
12035,0,0
12037,0,0
12039,1,0
12041,0,0
12043,0,0
12045,0,0
12047,0,0
12049,0,0
12051,6,0
12053,0,0
12055,0,0
12057,0,0
12059,0,0
12061,0,0
12063,0,0
12065,0,0
12067,0,0
12069,0,0
12071,1,0
12073,0,0
12075,0,0
12077,0,0
12079,0,0
12081,0,0
12083,0,0
12085,0,0
12086,0,0
12087,0,0
12089,0,0
12091,0,0
12093,0,0
12095,0,0
12097,0,0
12099,0,0
12101,0,0
12103,0,0
12105,0,0
12107,0,0
12109,0,0
12111,0,0
12113,32,22
12115,0,0
12117,0,0
12119,0,0
12121,0,0
12123,0,0
12125,0,0
12127,0,0
12129,0,0
12131,0,0
12133,0,0
13001,0,0
13003,0,0
13005,0,0
13007,0,0
13009,0,0
13011,0,0
13013,0,0
13015,0,0
13017,0,0
13019,0,0
13021,0,0
13023,0,0
13025,0,0
13027,0,0
13029,0,0
13031,0,0
13033,0,0
13035,0,0
13037,0,0
13039,0,0
13043,0,0
13045,0,0
13047,0,0
13049,0,0
13051,0,0
13053,0,0
13055,0,0
13057,0,0
13059,0,0
13061,0,0
13063,0,0
13065,0,0
13067,0,0
13069,0,0
13071,0,0
13073,0,0
13075,0,0
13077,0,0
13079,0,0
13081,0,0
13083,0,0
13085,0,0
13087,0,0
13089,0,0
13091,0,0
13093,0,0
13095,0,0
13097,0,0
13099,0,0
13101,0,0
13103,0,0
13105,0,0
13107,0,0
13109,0,0
13111,0,0
13113,0,0
13115,0,0
13117,0,0
13119,0,0
13121,0,0
13123,0,0
13125,0,0
13127,0,0
13129,0,0
13131,0,0
13133,0,0
13135,0,0
13137,0,0
13139,0,0
13141,0,0
13143,0,0
13145,0,0
13147,0,0
13149,0,0
13151,0,0
13153,0,0
13155,0,0
13157,0,0
13159,0,0
13161,0,0
13163,0,0
13165,0,0
13167,0,0
13169,0,0
13171,0,0
13173,0,0
13175,0,0
13177,0,0
13179,0,0
13181,0,0
13183,0,0
13185,0,0
13187,0,0
13189,0,0
13191,0,0
13193,0,0
13195,0,0
13197,0,0
13199,0,0
13201,0,0
13205,0,0
13207,0,0
13209,0,0
13211,0,0
13213,0,0
13215,0,0
13217,0,0
13219,0,0
13221,0,0
13223,0,0
13225,0,0
13227,0,0
13229,0,0
13231,0,0
13233,0,0
13235,0,0
13237,0,0
13239,0,0
13241,0,0
13243,0,0
13245,0,0
13247,0,0
13249,0,0
13251,0,0
13253,0,0
13255,0,0
13257,0,0
13259,0,0
13261,0,0
13263,0,0
13265,0,0
13267,0,0
13269,0,0
13271,0,0
13273,0,0
13275,0,0
13277,0,0
13279,0,0
13281,0,0
13283,0,0
13285,0,0
13287,0,0
13289,0,0
13291,0,0
13293,0,0
13295,0,0
13297,0,0
13299,0,0
13301,0,0
13303,0,0
13305,0,0
13307,0,0
13309,0,0
13311,0,0
13313,0,0
13315,0,0
13317,0,0
13319,0,0
13321,0,0
15001,0,0
15003,0,0
15005,0,0
15007,0,0
15009,0,0
16001,0,0
16003,0,0
16005,0,0
16007,0,0
16009,0,0
16011,0,0
16013,0,0
16015,0,0
16017,0,0
16019,0,0
16021,0,0
16023,0,0
16025,0,0
16027,0,0
16029,0,0
16031,0,0
16033,0,0
16035,0,0
16037,0,0
16039,0,0
16041,0,0
16043,0,0
16045,0,0
16047,0,0
16049,0,0
16051,0,0
16053,0,0
16055,0,0
16057,0,0
16059,0,0
16061,0,0
16063,0,0
16065,0,0
16067,0,0
16069,0,0
16071,0,0
16073,0,0
16075,0,0
16077,0,0
16079,0,0
16081,0,0
16083,0,0
16085,0,0
16087,0,0
17001,0,0
17003,0,0
17005,0,0
17007,0,0
17009,0,0
17011,0,0
17013,0,0
17015,0,0
17017,0,0
17019,0,0
17021,0,0
17023,0,0
17025,0,0
17027,0,0
17029,0,0
17031,0,0
17033,0,0
17035,0,0
17037,0,0
17039,0,0
17041,0,0
17043,0,0
17045,0,0
17047,0,0
17049,0,0
17051,0,0
17053,0,0
17055,0,0
17057,0,0
17059,0,0
17061,0,0
17063,0,0
17065,0,0
17067,0,0
17069,0,0
17071,0,0
17073,0,0
17075,0,0
17077,0,0
17079,0,0
17081,0,0
17083,0,0
17085,0,0
17087,0,0
17089,0,0
17091,0,0
17093,0,0
17095,0,0
17097,0,0
17099,0,0
17101,0,0
17103,0,0
17105,0,0
17107,0,0
17109,0,0
17111,0,0
17113,0,0
17115,0,0
17117,0,0
17119,0,0
17121,0,0
17123,0,0
17125,0,0
17127,0,0
17129,0,0
17131,0,0
17133,0,0
17135,0,0
17137,0,0
17139,0,0
17141,0,0
17143,0,0
17145,0,0
17147,0,0
17149,0,0
17151,0,0
17153,0,0
17155,0,0
17157,0,0
17159,0,0
17161,0,0
17163,0,0
17165,0,0
17167,0,0
17169,0,0
17171,0,0
17173,0,0
17175,0,0
17177,0,0
17179,0,0
17181,0,0
17183,0,0
17185,0,0
17187,0,0
17189,0,0
17191,0,0
17193,0,0
17195,0,0
17197,0,0
17199,0,0
17201,0,0
17203,0,0
18001,0,0
18003,0,0
18005,0,0
18007,0,0
18009,0,0
18011,0,0
18013,0,0
18015,0,0
18017,0,0
18019,0,0
18021,0,0
18023,0,0
18025,0,0
18027,0,0
18029,0,0
18031,0,0
18033,0,0
18035,0,0
18037,0,0
18039,0,0
18041,0,0
18043,0,0
18045,0,0
18047,0,0
18049,0,0
18051,0,0
18053,0,0
18055,0,0
18057,0,0
18059,0,0
18061,0,0
18063,0,0
18065,0,0
18067,0,0
18069,0,0
18071,0,0
18073,0,0
18075,0,0
18077,0,0
18079,0,0
18081,0,0
18083,0,0
18085,0,0
18087,0,0
18089,0,0
18091,0,0
18093,0,0
18095,0,0
18097,0,0
18099,0,0
18101,0,0
18103,0,0
18105,0,0
18107,0,0
18109,0,0
18111,0,0
18113,0,0
18115,0,0
18117,0,0
18119,0,0
18121,0,0
18123,0,0
18125,0,0
18127,0,0
18129,0,0
18131,0,0
18133,0,0
18135,0,0
18137,0,0
18139,0,0
18141,0,0
18143,0,0
18145,0,0
18147,0,0
18149,0,0
18151,0,0
18153,0,0
18155,0,0
18157,0,0
18159,0,0
18161,0,0
18163,0,0
18165,0,0
18167,0,0
18169,0,0
18171,0,0
18173,0,0
18175,0,0
18177,0,0
18179,0,0
18181,0,0
18183,0,0
19001,0,0
19003,0,0
19005,0,0
19007,0,0
19009,0,0
19011,0,0
19013,0,0
19015,0,0
19017,0,0
19019,0,0
19021,0,0
19023,0,0
19025,0,0
19027,0,0
19029,0,0
19031,0,0
19033,0,0
19035,0,0
19037,0,0
19039,0,0
19041,0,0
19043,0,0
19045,0,0
19047,0,0
19049,0,0
19051,0,0
19053,0,0
19055,0,0
19057,0,0
19059,0,0
19061,0,0
19063,0,0
19065,0,0
19067,0,0
19069,0,0
19071,0,0
19073,0,0
19075,0,0
19077,0,0
19079,0,0
19081,0,0
19083,0,0
19085,0,0
19087,0,0
19089,0,0
19091,0,0
19093,0,0
19095,0,0
19097,0,0
19099,0,0
19101,0,0
19103,0,0
19105,0,0
19107,0,0
19109,0,0
19111,0,0
19113,0,0
19115,0,0
19117,0,0
19119,0,0
19121,0,0
19123,0,0
19125,0,0
19127,0,0
19129,0,0
19131,0,0
19133,0,0
19135,0,0
19137,0,0
19139,0,0
19141,0,0
19143,0,0
19145,0,0
19147,0,0
19149,0,0
19151,0,0
19153,0,0
19155,0,0
19157,0,0
19159,0,0
19161,0,0
19163,0,0
19165,0,0
19167,0,0
19169,0,0
19171,0,0
19173,0,0
19175,0,0
19177,0,0
19179,0,0
19181,0,0
19183,0,0
19185,0,0
19187,0,0
19189,0,0
19191,0,0
19193,0,0
19195,0,0
19197,0,0
20001,298,83
20003,145,0
20005,0,0
20007,1101,1320
20009,1411,54
20011,67,55
20013,9,0
20015,503,0
20017,22,64
20019,326,73
20021,0,0
20023,111,561
20025,171,225
20027,7,0
20029,0,0
20031,205,5
20033,378,496
20035,473,57
20037,56,12
20039,157,0
20041,14,0
20043,0,0
20045,59,0
20047,196,207
20049,92,2
20051,1533,0
20053,213,23
20055,378,1339
20057,170,95
20059,210,2
20061,2,0
20063,410,0
20065,731,0
20067,56,1825
20069,78,31
20071,14,205
20073,365,1
20075,4,460
20077,640,641
20079,63,42
20081,486,1296
20083,254,23
20085,4,0
20087,14,0
20089,0,0
20091,78,23
20093,96,1833
20095,534,649
20097,278,249
20099,18,646
20101,474,0
20103,65,42
20105,0,0
20107,77,4
20109,324,0
20111,28,0
20113,348,37
20115,221,130
20117,0,0
20119,266,380
20121,255,36
20123,0,0
20125,257,1114
20127,44,0
20129,133,1250
20131,27,0
20133,116,1295
20135,994,2
20137,133,0
20139,2,0
20141,84,0
20143,0,0
20145,202,141
20147,175,0
20149,2,0
20151,410,147
20153,197,0
20155,300,158
20157,0,0
20159,599,74
20161,7,0
20163,996,0
20165,218,76
20167,976,1
20169,78,0
20171,339,23
20173,93,5
20175,290,1179
20177,0,0
20179,118,0
20181,13,236
20183,0,0
20185,894,96
20187,103,876
20189,179,2245
20191,358,85
20193,172,0
20195,495,0
20197,25,0
20199,28,27
20201,0,0
20203,90,5
20205,228,1347
20207,449,18
20209,0,0
21001,317,6
21003,75,1
21005,0,0
21007,0,0
21009,172,4
21011,0,1
21013,45,485
21015,0,0
21017,0,0
21019,2,94
21021,0,0
21023,0,0
21025,20,197
21027,59,17
21029,0,0
21031,106,22
21033,6,2
21035,0,0
21037,0,0
21039,0,0
21041,0,0
21043,0,2
21045,16,0
21047,174,57
21049,0,0
21051,56,926
21053,425,14
21055,0,0
21057,422,4
21059,299,6
21061,92,31
21063,149,44
21065,333,1
21067,0,0
21069,0,0
21071,16,1613
21073,0,0
21075,0,0
21077,0,0
21079,0,0
21081,0,0
21083,0,0
21085,1,97
21087,138,1
21089,84,34
21091,51,2
21093,0,3
21095,9,391
21097,0,0
21099,112,4
21101,775,2
21103,0,0
21105,0,0
21107,291,38
21109,0,0
21111,0,0
21113,1,0
21115,107,345
21117,0,0
21119,19,1713
21121,29,834
21123,0,0
21125,19,39
21127,299,477
21129,1502,6
21131,166,548
21133,52,1410
21135,0,0
21137,16,0
21139,0,0
21141,7,0
21143,0,0
21145,0,0
21147,9,59
21149,257,2
21151,0,0
21153,425,409
21155,17,0
21157,0,0
21159,14,983
21161,0,0
21163,1,143
21165,0,0
21167,0,0
21169,144,9
21171,85,2
21173,1,0
21175,24,68
21177,364,18
21179,0,0
21181,0,0
21183,300,8
21185,0,0
21187,1,0
21189,0,14
21191,0,1
21193,89,1035
21195,36,4471
21197,77,2
21199,18,1
21201,0,0
21203,1,0
21205,0,0
21207,103,1
21209,0,0
21211,0,0
21213,16,1
21215,0,0
21217,1,0
21219,18,4
21221,0,0
21223,0,0
21225,605,1
21227,737,64
21229,0,0
21231,40,0
21233,292,2
21235,28,738
21237,302,23
21239,0,0
22001,371,67
22003,71,43
22005,19,2
22007,16,16
22009,66,1
22011,242,38
22013,21,1369
22015,694,1775
22017,11728,1793
22019,326,66
22021,0,60
22023,309,158
22025,139,0
22027,519,531
22029,186,9
22031,227,3786
22033,32,16
22035,0,0
22037,9,1
22039,206,37
22041,26,0
22043,133,1
22045,192,69
22047,134,19
22049,6,464
22051,122,39
22053,66,92
22055,18,32
22057,506,156
22059,2247,51
22061,31,824
22063,39,2
22065,1,0
22067,1,1121
22069,79,46
22071,0,1
22073,2,1541
22075,1347,276
22077,95,46
22079,60,1
22081,70,739
22083,154,10
22085,321,421
22087,83,28
22089,92,31
22091,26,0
22093,24,9
22095,4,0
22097,116,39
22099,158,40
22101,374,125
22103,0,0
22105,14,0
22107,79,12
22109,307,224
22111,67,4795
22113,172,163
22115,45,22
22117,0,3
22119,325,753
22121,24,13
22123,0,0
22125,6,0
22127,1189,14
23001,0,0
23003,0,0
23005,0,0
23007,0,0
23009,0,0
23011,0,0
23013,0,0
23015,0,0
23017,0,0
23019,0,0
23021,0,0
23023,0,0
23025,0,0
23027,0,0
23029,0,0
23031,0,0
24001,0,1
24003,0,0
24005,0,0
24009,0,0
24011,0,0
24013,0,0
24015,0,0
24017,0,0
24019,0,0
24021,0,0
24023,0,6
24025,0,0
24027,0,0
24029,0,0
24031,0,0
24033,0,0
24035,0,0
24037,0,0
24039,0,0
24041,0,0
24043,0,0
24045,0,0
24047,0,0
24510,0,0
25001,0,0
25003,0,0
25005,0,0
25007,0,0
25009,0,0
25011,0,0
25013,0,0
25015,0,0
25017,0,0
25019,0,0
25021,0,0
25023,0,0
25025,0,0
25027,0,0
26001,0,43
26003,0,0
26005,115,6
26007,0,73
26009,5,432
26011,157,9
26013,0,0
26015,19,0
26017,155,11
26019,7,5
26021,0,0
26023,1,0
26025,73,0
26027,5,0
26029,0,14
26031,6,2
26033,0,0
26035,55,6
26037,0,0
26039,37,116
26041,0,0
26043,0,0
26045,9,0
26047,0,0
26049,17,0
26051,78,6
26053,0,0
26055,111,44
26057,2,0
26059,25,1
26061,0,0
26063,2,0
26065,31,1
26067,0,0
26069,6,1
26071,0,0
26073,104,1
26075,65,0
26077,15,0
26079,67,39
26081,86,0
26083,0,0
26085,6,1
26087,1,1
26089,0,0
26091,42,0
26093,23,8
26095,0,0
26097,0,0
26099,6,1
26101,176,146
26103,0,0
26105,12,4
26107,19,4
26109,0,0
26111,60,0
26113,25,4
26115,6,0
26117,28,1
26119,5,167
26121,7,0
26123,13,10
26125,22,3
26127,16,8
26129,102,16
26131,0,0
26133,30,17
26135,12,72
26137,98,764
26139,88,0
26141,27,0
26143,12,2
26145,46,1
26147,46,11
26149,0,0
26151,0,0
26153,0,0
26155,4,0
26157,100,2
26159,5,0
26161,29,0
26163,6,0
26165,5,6
27001,0,0
27003,0,0
27005,0,0
27007,0,0
27009,0,0
27011,0,0
27013,0,0
27015,0,0
27017,0,0
27019,0,0
27021,0,0
27023,0,0
27025,0,0
27027,0,0
27029,0,0
27031,0,0
27033,0,0
27035,0,0
27037,0,0
27039,0,0
27041,0,0
27043,0,0
27045,0,0
27047,0,0
27049,0,0
27051,0,0
27053,0,0
27055,0,0
27057,0,0
27059,0,0
27061,0,0
27063,0,0
27065,0,0
27067,0,0
27069,0,0
27071,0,0
27073,0,0
27075,0,0
27077,0,0
27079,0,0
27081,0,0
27083,0,0
27085,0,0
27087,0,0
27089,0,0
27091,0,0
27093,0,0
27095,0,0
27097,0,0
27099,0,0
27101,0,0
27103,0,0
27105,0,0
27107,0,0
27109,0,0
27111,0,0
27113,0,0
27115,0,0
27117,0,0
27119,0,0
27121,0,0
27123,0,0
27125,0,0
27127,0,0
27129,0,0
27131,0,0
27133,0,0
27135,0,0
27137,0,0
27139,0,0
27141,0,0
27143,0,0
27145,0,0
27147,0,0
27149,0,0
27151,0,0
27153,0,0
27155,0,0
27157,0,0
27159,0,0
27161,0,0
27163,0,0
27165,0,0
27167,0,0
27169,0,0
27171,0,0
27173,0,0
28001,253,2
28003,0,0
28005,113,4
28007,0,0
28009,0,0
28011,0,0
28013,0,0
28015,0,0
28017,5,26
28019,0,0
28021,0,1
28023,180,0
28025,2,19
28027,0,0
28029,1,2
28031,39,69
28033,0,0
28035,3,96
28037,106,0
28039,0,0
28041,24,1
28043,0,0
28045,0,2
28047,0,0
28049,32,3
28051,2,0
28053,0,0
28055,0,0
28057,0,2
28059,0,0
28061,563,194
28063,36,1
28065,9,611
28067,362,23
28069,0,0
28071,0,0
28073,131,356
28075,0,0
28077,0,20
28079,0,0
28081,0,20
28083,3,0
28085,167,0
28087,14,27
28089,10,19
28091,22,169
28093,0,0
28095,14,87
28097,0,0
28099,0,0
28101,0,0
28103,0,0
28105,0,17
28107,0,0
28109,7,27
28111,37,4
28113,159,0
28115,0,9
28117,0,0
28119,0,0
28121,25,48
28123,5,0
28125,0,0
28127,50,7
28129,129,15
28131,0,1
28133,0,0
28135,0,0
28137,0,0
28139,0,0
28141,0,0
28143,0,0
28145,0,0
28147,17,16
28149,4,5
28151,0,0
28153,337,13
28155,0,0
28157,111,12
28159,0,0
28161,0,0
28163,249,27
29001,0,0
29003,0,0
29005,8,0
29007,0,0
29009,0,0
29011,0,0
29013,0,0
29015,0,0
29017,0,0
29019,0,0
29021,0,0
29023,0,0
29025,0,0
29027,0,0
29029,0,0
29031,0,0
29033,0,0
29035,0,0
29037,18,0
29039,0,0
29041,0,0
29043,0,0
29045,0,0
29047,0,0
29049,1,0
29051,0,0
29053,0,0
29055,0,0
29057,0,0
29059,0,0
29061,0,0
29063,0,0
29065,0,0
29067,0,0
29069,0,0
29071,0,0
29073,0,0
29075,0,0
29077,0,0
29079,0,0
29081,0,0
29083,0,0
29085,0,0
29087,0,0
29089,0,0
29091,0,0
29093,0,0
29095,8,0
29097,0,0
29099,0,0
29101,0,0
29103,0,0
29105,0,0
29107,0,0
29109,0,0
29111,0,0
29113,0,0
29115,0,0
29117,0,0
29119,0,0
29121,0,0
29123,0,0
29125,0,0
29127,0,0
29129,0,0
29131,0,0
29133,0,0
29135,0,0
29137,0,0
29139,0,0
29141,0,0
29143,0,0
29145,0,0
29147,0,0
29149,0,0
29151,0,0
29153,0,0
29155,0,0
29157,0,0
29159,0,0
29161,0,0
29163,0,0
29165,0,0
29167,0,0
29169,0,0
29171,0,0
29173,0,0
29175,0,0
29177,2,0
29179,0,0
29181,0,0
29183,0,0
29185,0,0
29186,0,0
29187,0,0
29189,3,0
29195,0,0
29197,0,0
29199,0,0
29201,0,0
29203,0,0
29205,0,0
29207,0,0
29209,0,0
29211,0,0
29213,0,0
29215,0,0
29217,9,0
29219,0,0
29221,0,0
29223,0,0
29225,0,0
29227,0,0
29229,0,0
29510,0,0
30001,0,0
30003,44,687
30005,74,779
30007,0,0
30009,78,33
30011,2,15
30013,0,0
30015,0,116
30017,0,6
30019,5,0
30021,77,0
30023,0,0
30025,559,998
30027,0,8
30029,0,0
30031,0,0
30033,11,0
30035,684,250
30037,0,4
30039,0,0
30041,1,612
30043,0,0
30045,0,0
30047,0,0
30049,0,0
30051,152,209
30053,0,0
30055,7,0
30057,0,0
30059,0,0
30061,0,0
30063,0,0
30065,98,0
30067,0,0
30069,50,0
30071,0,1669
30073,278,93
30075,119,3
30077,0,0
30079,12,1
30081,0,0
30083,1370,0
30085,373,0
30087,113,0
30089,0,0
30091,276,0
30093,0,0
30095,7,22
30097,0,4
30099,127,5
30101,1226,863
30103,0,0
30105,45,147
30107,0,0
30109,94,46
30111,44,1
31001,0,0
31003,0,0
31005,0,0
31007,154,0
31009,0,0
31011,0,0
31013,0,0
31015,0,0
31017,0,0
31019,0,0
31021,0,0
31023,0,0
31025,0,0
31027,0,0
31029,12,120
31031,0,0
31033,168,97
31035,0,0
31037,0,0
31039,0,0
31041,0,0
31043,0,0
31045,0,0
31047,0,0
31049,2,69
31051,0,0
31053,0,0
31055,0,0
31057,247,23
31059,0,0
31061,11,0
31063,13,0
31065,28,0
31067,0,0
31069,3,10
31071,0,0
31073,0,0
31075,0,0
31077,0,0
31079,0,0
31081,0,0
31083,27,0
31085,21,0
31087,581,0
31089,0,0
31091,0,0
31093,0,0
31095,0,0
31097,0,0
31099,1,0
31101,0,0
31103,0,0
31105,255,1
31107,0,0
31109,0,0
31111,3,0
31113,0,0
31115,0,0
31117,0,0
31119,0,0
31121,0,0
31123,43,1
31125,0,0
31127,0,0
31129,0,0
31131,0,0
31133,0,0
31135,0,0
31137,4,0
31139,0,0
31141,0,0
31143,0,0
31145,257,0
31147,107,0
31149,0,0
31151,0,0
31153,0,0
31155,0,0
31157,12,0
31159,0,0
31161,0,0
31163,0,0
31165,3,0
31167,0,0
31169,0,0
31171,0,0
31173,0,0
31175,0,0
31177,0,0
31179,0,0
31181,0,0
31183,0,0
31185,0,0
32001,0,0
32003,0,0
32005,0,0
32007,0,1
32009,0,0
32011,8,0
32013,0,0
32015,0,0
32017,0,0
32019,0,0
32021,0,0
32023,71,0
32027,0,0
32029,0,0
32031,0,0
32033,0,0
32510,0,0
33001,0,0
33003,0,0
33005,0,0
33007,0,0
33009,0,0
33011,0,0
33013,0,0
33015,0,0
33017,0,0
33019,0,0
34001,0,0
34003,0,0
34005,0,0
34007,0,0
34009,0,0
34011,0,0
34013,0,0
34015,0,0
34017,0,0
34019,0,0
34021,0,0
34023,0,0
34025,0,0
34027,0,0
34029,0,0
34031,0,0
34033,0,0
34035,0,0
34037,0,0
34039,0,0
34041,0,0
35001,0,0
35003,0,0
35005,859,1509
35006,0,0
35007,0,839
35009,0,0
35011,0,0
35013,0,0
35015,13491,4141
35017,0,0
35019,0,0
35021,0,356
35023,0,0
35025,15798,2379
35027,0,0
35028,0,0
35029,0,0
35031,140,8
35033,0,0
35035,1,1
35037,0,0
35039,924,11352
35041,188,67
35043,289,190
35045,799,15351
35047,0,0
35049,0,0
35051,0,0
35053,0,0
35055,0,0
35057,0,0
35059,0,351
35061,0,0
36001,0,0
36003,1848,56
36005,0,0
36007,0,0
36009,2822,700
36011,0,313
36013,690,3763
36015,3,50
36017,0,49
36019,0,0
36021,0,0
36023,0,0
36025,0,0
36027,0,0
36029,2,1278
36031,0,0
36033,0,0
36035,0,0
36037,1,545
36039,0,0
36041,0,0
36043,0,0
36045,0,0
36047,0,0
36049,0,0
36051,1,153
36053,0,57
36055,0,0
36057,0,0
36059,0,0
36061,0,0
36063,0,1
36065,0,2
36067,0,1
36069,0,28
36071,0,0
36073,0,0
36075,0,4
36077,0,0
36079,0,0
36081,0,0
36083,0,0
36085,0,0
36087,0,0
36089,0,0
36091,0,0
36093,0,0
36095,0,0
36097,0,14
36099,0,225
36101,277,70
36103,0,0
36105,0,0
36107,0,1
36109,0,0
36111,0,0
36113,0,0
36115,0,0
36117,0,5
36119,0,0
36121,1,303
36123,0,19
37001,0,0
37003,0,0
37005,0,0
37007,0,0
37009,0,0
37011,0,0
37013,0,0
37015,0,0
37017,0,0
37019,0,0
37021,0,0
37023,0,0
37025,0,0
37027,0,0
37029,0,0
37031,0,0
37033,0,0
37035,0,0
37037,0,0
37039,0,0
37041,0,0
37043,0,0
37045,0,0
37047,0,0
37049,0,0
37051,0,0
37053,0,0
37055,0,0
37057,0,0
37059,0,0
37061,0,0
37063,0,0
37065,0,0
37067,0,0
37069,0,0
37071,0,0
37073,0,0
37075,0,0
37077,0,0
37079,0,0
37081,0,0
37083,0,0
37085,0,0
37087,0,0
37089,0,0
37091,0,0
37093,0,0
37095,0,0
37097,0,0
37099,0,0
37101,0,0
37103,0,0
37105,0,0
37107,0,0
37109,0,0
37111,0,0
37113,0,0
37115,0,0
37117,0,0
37119,0,0
37121,0,0
37123,0,0
37125,0,0
37127,0,0
37129,0,0
37131,0,0
37133,0,0
37135,0,0
37137,0,0
37139,0,0
37141,0,0
37143,0,0
37145,0,0
37147,0,0
37149,0,0
37151,0,0
37153,0,0
37155,0,0
37157,0,0
37159,0,0
37161,0,0
37163,0,0
37165,0,0
37167,0,0
37169,0,0
37171,0,0
37173,0,0
37175,0,0
37177,0,0
37179,0,0
37181,0,0
37183,0,0
37185,0,0
37187,0,0
37189,0,0
37191,0,0
37193,0,0
37195,0,0
37197,0,0
37199,0,0
38001,0,0
38003,0,0
38005,0,0
38007,617,35
38009,687,2
38011,367,203
38013,573,100
38015,0,0
38017,0,0
38019,0,0
38021,0,0
38023,836,14
38025,2731,11
38027,0,0
38029,0,0
38031,0,0
38033,115,2
38035,0,0
38037,0,0
38039,0,0
38041,0,0
38043,0,0
38045,0,0
38047,0,0
38049,20,0
38051,0,0
38053,5420,450
38055,56,0
38057,1,0
38059,0,0
38061,3363,66
38063,0,0
38065,0,0
38067,0,0
38069,0,0
38071,0,0
38073,0,0
38075,307,1
38077,0,0
38079,0,0
38081,0,0
38083,0,0
38085,0,0
38087,21,1
38089,295,6
38091,0,0
38093,0,0
38095,0,0
38097,0,0
38099,0,0
38101,15,0
38103,0,0
38105,3086,275
39001,0,0
39003,0,0
39005,736,79
39007,606,1399
39009,373,688
39011,5,4
39013,91,618
39015,0,0
39017,0,0
39019,853,759
39021,0,0
39023,1,0
39025,0,0
39027,0,0
39029,141,651
39031,1261,1338
39033,1,0
39035,115,318
39037,0,0
39039,0,0
39041,8,0
39043,7,6
39045,115,52
39047,0,0
39049,1,0
39051,1,0
39053,218,313
39055,230,867
39057,0,0
39059,360,1063
39061,0,0
39063,0,0
39065,0,0
39067,192,734
39069,0,1
39071,0,0
39073,664,114
39075,963,1028
39077,54,23
39079,4,15
39081,82,227
39083,1036,449
39085,99,268
39087,73,183
39089,1161,394
39091,5,4
39093,18,108
39095,1,0
39097,0,0
39099,244,2018
39101,6,0
39103,513,791
39105,362,925
39107,6,0
39109,0,0
39111,760,2020
39113,0,0
39115,391,948
39117,256,5
39119,794,1823
39121,395,1406
39123,9,0
39125,0,0
39127,1039,330
39129,51,3
39131,0,0
39133,732,1606
39135,0,0
39137,1,0
39139,28,13
39141,1,0
39143,48,6
39145,0,0
39147,28,0
39149,20,3
39151,1287,1820
39153,273,893
39155,283,2109
39157,614,2525
39159,0,0
39161,0,0
39163,70,52
39165,0,0
39167,1519,3261
39169,653,1305
39171,0,0
39173,22,0
39175,8,0
40001,0,0
40003,1410,524
40005,9,142
40007,641,2386
40009,185,907
40011,837,1160
40013,32,44
40015,834,1035
40017,1263,1788
40019,3238,343
40021,0,0
40023,0,0
40025,60,94
40027,318,31
40029,90,755
40031,446,114
40033,363,27
40035,23,69
40037,3481,273
40039,197,1274
40041,0,0
40043,655,907
40045,1067,1029
40047,1413,609
40049,2592,500
40051,1567,1593
40053,796,328
40055,22,17
40057,5,0
40059,206,1017
40061,4,1565
40063,663,1570
40065,78,1
40067,324,3
40069,83,23
40071,1254,127
40073,3045,630
40075,201,44
40077,0,1460
40079,1,1388
40081,1010,476
40083,1154,260
40085,357,32
40087,1129,177
40089,2,0
40091,5,614
40093,1338,1611
40095,362,161
40097,89,5
40099,92,4
40101,353,79
40103,1153,269
40105,596,868
40107,642,308
40109,683,240
40111,1287,348
40113,2278,466
40115,0,0
40117,997,39
40119,1160,100
40121,19,3353
40123,1532,79
40125,1301,89
40127,0,41
40129,644,2258
40131,277,313
40133,1997,298
40135,0,161
40137,3979,711
40139,270,2393
40141,118,0
40143,780,160
40145,181,115
40147,1180,926
40149,150,971
40151,1323,1463
40153,235,1678
41001,0,0
41003,0,0
41005,0,0
41007,0,0
41009,0,27
41011,0,0
41013,0,0
41015,0,0
41017,0,0
41019,0,0
41021,0,0
41023,0,0
41025,0,0
41027,0,0
41029,0,0
41031,0,0
41033,0,0
41035,0,0
41037,0,0
41039,0,0
41041,0,0
41043,0,0
41045,0,0
41047,0,0
41049,0,0
41051,0,0
41053,0,0
41055,0,0
41057,0,0
41059,0,0
41061,0,0
41063,0,0
41065,0,0
41067,0,0
41069,0,0
41071,0,0
42001,0,0
42003,112,913
42005,32,7879
42007,22,155
42009,0,0
42011,0,0
42013,0,6
42015,7,1376
42017,0,0
42019,207,960
42021,0,484
42023,1,119
42025,0,0
42027,5,740
42029,0,0
42031,136,3058
42033,0,4060
42035,0,475
42037,0,0
42039,146,2855
42041,0,0
42043,0,0
42045,0,0
42047,1211,1308
42049,29,1779
42051,56,3098
42053,3397,920
42055,0,0
42057,0,0
42059,138,2734
42061,0,3
42063,22,10928
42065,46,4936
42067,0,0
42069,0,0
42071,0,0
42073,2,221
42075,0,0
42077,0,0
42079,0,0
42081,0,921
42083,8124,1652
42085,160,3083
42087,0,0
42089,0,0
42091,0,0
42093,0,0
42095,0,0
42097,0,0
42099,0,0
42101,0,0
42103,0,0
42105,254,662
42107,0,0
42109,0,0
42111,0,67
42113,0,135
42115,0,1684
42117,0,775
42119,0,0
42121,2334,1399
42123,10324,1750
42125,149,2994
42127,0,0
42129,57,5256
42131,1,300
42133,0,0
44001,0,0
44003,0,0
44005,0,0
44007,0,0
44009,0,0
45001,0,0
45003,0,0
45005,0,0
45007,0,0
45009,0,0
45011,0,0
45013,0,0
45015,0,0
45017,0,0
45019,0,0
45021,0,0
45023,0,0
45025,0,0
45027,0,0
45029,0,0
45031,0,0
45033,0,0
45035,0,0
45037,0,0
45039,0,0
45041,0,0
45043,0,0
45045,0,0
45047,0,0
45049,0,0
45051,0,0
45053,0,0
45055,0,0
45057,0,0
45059,0,0
45061,0,0
45063,0,0
45065,0,0
45067,0,0
45069,0,0
45071,0,0
45073,0,0
45075,0,0
45077,0,0
45079,0,0
45081,0,0
45083,0,0
45085,0,0
45087,0,0
45089,0,0
45091,0,0
46003,0,0
46005,0,0
46007,0,0
46009,0,0
46011,0,0
46013,0,0
46015,0,0
46017,0,0
46019,0,0
46021,0,0
46023,0,0
46025,0,0
46027,0,0
46029,0,0
46031,0,0
46033,5,0
46035,0,0
46037,0,0
46039,0,0
46041,0,0
46043,0,0
46045,0,0
46047,14,0
46049,0,0
46051,0,0
46053,0,0
46055,0,0
46057,0,0
46059,0,0
46061,0,0
46063,191,97
46065,0,0
46067,0,0
46069,0,0
46071,0,0
46073,0,0
46075,0,0
46077,0,0
46079,0,0
46081,0,0
46083,0,0
46085,0,0
46087,0,0
46089,0,0
46091,0,0
46093,0,0
46095,0,0
46097,0,0
46099,0,0
46101,0,0
46103,0,0
46105,0,0
46107,0,0
46109,0,0
46111,0,0
46113,0,0
46115,0,0
46117,0,0
46119,0,0
46121,0,0
46123,0,0
46125,0,0
46127,0,0
46129,0,0
46135,0,0
46137,0,0
47001,28,345
47003,0,0
47005,0,0
47007,0,0
47009,0,0
47011,0,0
47013,16,101
47015,0,0
47017,0,0
47019,0,0
47021,0,0
47023,0,0
47025,40,72
47027,29,1
47029,0,0
47031,0,3
47033,0,0
47035,8,0
47037,0,0
47039,0,0
47041,0,0
47043,0,0
47045,0,0
47047,0,0
47049,211,80
47051,1,0
47053,0,0
47055,0,0
47057,0,0
47059,0,0
47061,0,0
47063,0,0
47065,0,0
47067,11,23
47069,0,0
47071,0,0
47073,0,0
47075,0,0
47077,0,0
47079,0,0
47081,0,0
47083,0,0
47085,0,0
47087,0,0
47089,0,0
47091,0,0
47093,0,0
47095,0,0
47097,0,0
47099,0,0
47101,0,0
47103,0,0
47105,0,0
47107,0,0
47109,0,0
47111,1,0
47113,0,0
47115,0,0
47117,0,0
47119,0,0
47121,0,0
47123,0,0
47125,0,0
47127,0,0
47129,409,346
47131,0,0
47133,256,2
47135,0,0
47137,159,2
47139,0,0
47141,2,0
47143,0,0
47145,1,1
47147,0,0
47149,0,0
47151,337,253
47153,0,0
47155,0,0
47157,0,0
47159,0,0
47161,0,0
47163,0,0
47165,0,0
47167,0,0
47169,0,0
47171,0,0
47173,0,0
47175,1,0
47177,0,0
47179,0,0
47181,0,0
47183,0,0
47185,0,0
47187,0,0
47189,0,0
48001,649,123
48003,13880,234
48005,4,146
48007,40,88
48009,3869,5
48011,0,0
48013,2393,94
48015,228,106
48017,0,0
48019,1,1
48021,346,72
48023,214,0
48025,322,533
48027,0,0
48029,2512,0
48031,0,0
48033,1014,0
48035,0,1
48037,15,4
48039,531,207
48041,929,120
48043,0,0
48045,1,0
48047,78,551
48049,998,496
48051,1535,135
48053,0,0
48055,3368,7
48057,100,113
48059,819,97
48061,1,6
48063,108,3
48065,1309,483
48067,223,57
48069,0,0
48071,446,86
48073,132,570
48075,8,0
48077,1470,35
48079,2269,31
48081,474,34
48083,959,219
48085,0,0
48087,38,334
48089,86,339
48091,0,0
48093,108,179
48095,345,75
48097,2354,372
48099,0,0
48101,55,85
48103,6010,577
48105,3444,6000
48107,1083,0
48109,211,813
48111,1,0
48113,0,47
48115,1678,0
48117,0,0
48119,0,0
48121,69,3220
48123,1441,1175
48125,274,0
48127,2660,1972
48129,0,4
48131,1062,607
48133,800,829
48135,10082,108
48137,180,592
48139,17,65
48141,0,0
48143,10,332
48145,49,0
48147,2,0
48149,767,277
48151,804,21
48153,5,0
48155,107,131
48157,631,150
48159,211,40
48161,70,3211
48163,1250,105
48165,4858,136
48167,317,55
48169,2442,0
48171,0,0
48173,6223,128
48175,154,478
48177,2037,16
48179,3007,931
48181,776,68
48183,4213,1077
48185,109,222
48187,1899,0
48189,252,0
48191,0,0
48193,2,12
48195,149,909
48197,304,0
48199,1353,124
48201,575,155
48203,405,2978
48205,69,75
48207,417,1
48209,0,0
48211,305,3206
48213,204,409
48215,25,1736
48217,2,238
48219,4634,18
48221,2,890
48223,95,12
48225,375,180
48227,7297,51
48229,0,0
48231,3,0
48233,3477,585
48235,3903,326
48237,2540,1543
48239,676,233
48241,82,155
48243,0,0
48245,397,197
48247,58,260
48249,134,295
48251,0,3612
48253,1089,8
48255,3629,1198
48257,31,0
48259,0,0
48261,35,255
48263,771,0
48265,1,0
48267,2,17
48269,845,36
48271,0,0
48273,61,295
48275,291,0
48277,0,0
48279,88,0
48281,0,9
48283,3424,1219
48285,398,669
48287,943,85
48289,358,637
48291,1042,182
48293,77,1264
48295,678,1722
48297,815,734
48299,0,0
48301,2548,1116
48303,485,0
48305,133,0
48307,78,2
48309,36,0
48311,2530,1026
48313,534,180
48315,290,118
48317,8695,4
48319,0,0
48321,248,272
48323,784,159
48325,1814,19
48327,156,4
48329,10687,184
48331,2179,9
48333,0,3
48335,3107,0
48337,2624,937
48339,202,162
48341,901,1513
48343,7,0
48345,27,0
48347,91,1622
48349,947,37
48351,184,73
48353,928,51
48355,266,750
48357,1320,930
48359,81,7
48361,181,80
48363,612,1676
48365,306,6168
48367,17,2048
48369,0,0
48371,4434,1505
48373,194,233
48375,590,550
48377,1,0
48379,0,11
48381,0,0
48383,7979,66
48385,2,6
48387,51,0
48389,3787,1910
48391,1418,345
48393,493,1122
48395,317,991
48397,0,0
48399,702,45
48401,2643,2947
48403,12,14
48405,20,392
48407,40,118
48409,267,234
48411,0,0
48413,601,894
48415,3564,1
48417,2408,223
48419,58,805
48421,38,948
48423,456,690
48425,0,106
48427,206,1506
48429,1717,1154
48431,2219,737
48433,911,0
48435,85,6008
48437,0,0
48439,0,4486
48441,615,5
48443,28,692
48445,1038,3
48447,1275,39
48449,395,1
48451,873,99
48453,26,0
48455,29,16
48457,131,199
48459,207,818
48461,7916,375
48463,0,2
48465,15,262
48467,488,38
48469,419,243
48471,40,28
48473,282,58
48475,5421,394
48477,207,231
48479,163,7671
48481,475,562
48483,706,2109
48485,6905,1
48487,1318,1
48489,137,135
48491,71,0
48493,838,2
48495,3114,404
48497,614,4904
48499,1092,83
48501,4757,0
48503,2940,269
48505,48,3206
48507,721,71
49001,0,0
49003,0,0
49005,0,0
49007,1,1096
49009,0,17
49011,0,0
49013,4042,53
49015,3,285
49017,20,0
49019,95,340
49021,0,0
49023,0,1
49025,0,0
49027,0,0
49029,0,0
49031,0,0
49033,1,0
49035,0,0
49037,723,79
49039,2,0
49041,33,0
49043,14,31
49045,0,0
49047,2251,6320
49049,0,0
49051,0,0
49053,0,0
49055,0,0
49057,0,0
50001,0,0
50003,0,0
50005,0,0
50007,0,0
50009,0,0
50011,0,0
50013,0,0
50015,0,0
50017,0,0
50019,0,0
50021,0,0
50023,0,0
50025,0,0
50027,0,0
51001,0,0
51003,0,0
51005,0,0
51007,0,0
51009,0,0
51011,0,0
51013,0,0
51015,0,0
51017,0,0
51019,0,0
51021,0,0
51023,0,0
51025,0,0
51027,2,4426
51029,0,0
51031,0,0
51033,0,0
51035,0,0
51036,0,0
51037,0,0
51041,0,0
51043,0,0
51045,0,0
51047,0,0
51049,0,0
51051,0,2380
51053,0,0
51057,0,0
51059,0,0
51061,0,0
51063,0,0
51065,0,0
51067,0,0
51069,0,0
51071,0,0
51073,0,0
51075,0,0
51077,0,0
51079,0,0
51081,0,0
51083,0,0
51085,0,0
51087,0,0
51089,0,0
51091,0,0
51093,0,0
51095,0,0
51097,0,0
51099,0,0
51101,0,0
51103,0,0
51105,3,47
51107,0,0
51109,0,0
51111,0,0
51113,0,0
51115,0,0
51117,0,0
51119,0,0
51121,0,0
51125,0,0
51127,0,0
51131,0,0
51133,0,0
51135,0,0
51137,0,0
51139,0,0
51141,0,0
51143,0,0
51145,0,0
51147,0,0
51149,0,0
51153,0,0
51155,0,0
51157,0,0
51159,0,0
51161,0,0
51163,0,0
51165,0,0
51167,0,646
51169,0,14
51171,0,0
51173,0,0
51175,0,0
51177,0,0
51179,0,0
51181,0,0
51183,0,0
51185,0,767
51187,0,0
51191,0,0
51193,0,0
51195,0,778
51197,0,0
51199,0,0
51510,0,0
51515,0,0
51520,0,0
51530,0,0
51540,0,0
51550,0,0
51570,0,0
51580,0,0
51590,0,0
51595,0,0
51600,0,0
51610,0,0
51620,0,0
51630,0,0
51640,0,0
51650,0,0
51660,0,0
51670,0,0
51678,0,0
51680,0,0
51683,0,0
51685,0,0
51690,0,0
51700,0,0
51710,0,0
51720,0,0
51730,0,0
51735,0,0
51740,0,0
51750,0,0
51760,0,0
51770,0,0
51775,0,0
51790,0,0
51800,0,0
51810,0,0
51820,0,0
51830,0,0
51840,0,0
53001,0,0
53003,0,0
53005,0,0
53007,0,0
53009,0,0
53011,0,0
53013,0,0
53015,0,0
53017,0,0
53019,0,0
53021,0,0
53023,0,0
53025,0,0
53027,0,0
53029,0,0
53031,0,0
53033,0,0
53035,0,0
53037,0,0
53039,0,0
53041,0,0
53043,0,0
53045,0,0
53047,0,0
53049,0,0
53051,0,0
53053,0,0
53055,0,0
53057,0,0
53059,0,0
53061,0,0
53063,0,0
53065,0,0
53067,0,0
53069,0,0
53071,0,0
53073,0,0
53075,0,0
53077,0,0
54001,25,2163
54003,0,0
54005,10,1218
54007,49,1409
54009,9,121
54011,15,511
54013,451,2634
54015,446,1055
54017,366,4136
54019,0,580
54021,278,3373
54023,0,20
54025,0,0
54027,0,0
54029,4,10
54031,0,1
54033,189,3530
54035,82,1333
54037,0,0
54039,424,3287
54041,106,3517
54043,281,1931
54045,2,1533
54047,0,2143
54049,115,869
54051,24,649
54053,55,186
54055,0,278
54057,0,9
54059,12,1532
54061,76,481
54063,0,0
54065,0,3
54067,0,367
54069,19,176
54071,0,5
54073,232,848
54075,0,5
54077,0,185
54079,8,908
54081,0,781
54083,4,645
54085,703,5471
54087,1119,1313
54089,0,4
54091,2,758
54093,0,30
54095,176,1174
54097,38,2526
54099,79,1183
54101,0,9
54103,271,1160
54105,221,382
54107,225,353
54109,0,1962
55001,0,0
55003,0,0
55005,0,0
55007,0,0
55009,0,0
55011,0,0
55013,0,0
55015,0,0
55017,0,0
55019,0,0
55021,0,0
55023,0,0
55025,0,0
55027,0,0
55029,0,0
55031,0,0
55033,0,0
55035,0,0
55037,0,0
55039,0,0
55041,0,0
55043,0,0
55045,0,0
55047,0,0
55049,0,0
55051,0,0
55053,0,0
55055,0,0
55057,0,0
55059,0,0
55061,0,0
55063,0,0
55065,0,0
55067,0,0
55069,0,0
55071,0,0
55073,0,0
55075,0,0
55077,0,0
55078,0,0
55079,0,0
55081,0,0
55083,0,0
55085,0,0
55087,0,0
55089,0,0
55091,0,0
55093,0,0
55095,0,0
55097,0,0
55099,0,0
55101,0,0
55103,0,0
55105,0,0
55107,0,0
55109,0,0
55111,0,0
55113,0,0
55115,0,0
55117,0,0
55119,0,0
55121,0,0
55123,0,0
55125,0,0
55127,0,0
55129,0,0
55131,0,0
55133,0,0
55135,0,0
55137,0,0
55139,0,0
55141,0,0
56001,39,2
56003,524,68
56005,2663,8788
56007,223,2048
56009,2097,93
56011,740,8
56013,717,916
56015,18,0
56017,795,10
56019,357,4483
56021,576,0
56023,65,1631
56025,2055,325
56027,395,11
56029,1624,180
56031,4,0
56033,20,2294
56035,367,7449
56037,381,4553
56039,0,0
56041,79,567
56043,399,38
56045,1468,8
