FIPS,year,urate
01001,1990,6.525
01001,1991,6.741666666666666
01001,1992,6.483333333333333
01001,1993,5.908333333333333
01001,1994,5.008333333333333
01001,1995,5.65
01001,1996,3.908333333333333
01001,1997,3.875
01001,1998,3.2
01001,1999,3.7916666666666665
01001,2000,4.066666666666666
01001,2001,4.141666666666667
01001,2002,4.808333333333334
01001,2003,5
01001,2004,4.716666666666667
01001,2005,3.783333333333333
01001,2006,3.316666666666667
01001,2007,3.375
01001,2008,5.308333333333334
01001,2009,8.891666666666667
01001,2010,8.808333333333334
01001,2011,8.333333333333334
01001,2012,7.1
01001,2013,6.3
01001,2014,5.808333333333334
01001,2015,5.233333333333333
01001,2016,5.108333333333333
01001,2017,3.975
01001,2018,3.5833333333333335
01001,2019,2.8666666666666667
01001,2020,5.4
01001,2021,2.816666666666667
01001,2022,2.308333333333333
01003,1990,5.266666666666667
01003,1991,5.508333333333333
01003,1992,6.25
01003,1993,5.941666666666666
01003,1994,4.85
01003,1995,4.75
01003,1996,4.45
01003,1997,3.475
01003,1998,2.8333333333333335
01003,1999,3.3083333333333336
01003,2000,3.725
01003,2001,4.35
01003,2002,5.058333333333334
01003,2003,4.958333333333333
01003,2004,5.058333333333334
01003,2005,3.95
01003,2006,3.1999999999999997
01003,2007,3.1666666666666665
01003,2008,4.791666666666667
01003,2009,8.941666666666666
01003,2010,9.9
01003,2011,8.958333333333334
01003,2012,7.741666666666667
01003,2013,6.741666666666667
01003,2014,6.108333333333333
01003,2015,5.575
01003,2016,5.366666666666666
01003,2017,4.15
01003,2018,3.6166666666666667
01003,2019,2.925
01003,2020,6.241666666666667
01003,2021,2.966666666666667
01003,2022,2.441666666666667
01005,1990,7.866666666666667
01005,1991,8.733333333333333
01005,1992,10.725
01005,1993,9.958333333333334
01005,1994,6.408333333333333
01005,1995,8.183333333333334
01005,1996,9.533333333333333
01005,1997,7.275
01005,1998,4.933333333333334
01005,1999,4.775
01005,2000,5.558333333333334
01005,2001,7.566666666666666
01005,2002,7.708333333333333
01005,2003,7.058333333333334
01005,2004,7.091666666666667
01005,2005,5.741666666666667
01005,2006,5.625
01005,2007,6.416666666666667
01005,2008,9.083333333333334
01005,2009,13.158333333333333
01005,2010,12.158333333333333
01005,2011,11.433333333333334
01005,2012,11.758333333333333
01005,2013,10.383333333333333
01005,2014,10.466666666666667
01005,2015,8.95
01005,2016,8.341666666666667
01005,2017,5.958333333333333
01005,2018,5.108333333333333
01005,2019,4
01005,2020,7.75
01005,2021,5.708333333333334
01005,2022,4.383333333333333
01007,1990,9.108333333333333
01007,1991,11.766666666666667
01007,1992,11.05
01007,1993,11.433333333333334
01007,1994,7.7
01007,1995,6.55
01007,1996,7.125
01007,1997,7.408333333333333
01007,1998,7.125
01007,1999,6.808333333333334
01007,2000,5.366666666666666
01007,2001,6.766666666666667
01007,2002,7
01007,2003,5.916666666666667
01007,2004,5.366666666666667
01007,2005,4.45
01007,2006,4.166666666666667
01007,2007,4.15
01007,2008,5.991666666666667
01007,2009,12.158333333333333
01007,2010,11.258333333333333
01007,2011,10.441666666666666
01007,2012,8.741666666666667
01007,2013,8.016666666666667
01007,2014,7.166666666666667
01007,2015,6.65
01007,2016,6.466666666666667
01007,2017,4.483333333333333
01007,2018,3.95
01007,2019,3.2416666666666667
01007,2020,7.3
01007,2021,3.4916666666666667
01007,2022,2.591666666666667
01009,1990,6.341666666666667
01009,1991,5.758333333333334
01009,1992,6.175
01009,1993,5.233333333333333
01009,1994,4.2
01009,1995,4.383333333333333
01009,1996,3.2916666666666665
01009,1997,2.966666666666667
01009,1998,3.308333333333333
01009,1999,2.8
01009,2000,3.533333333333333
01009,2001,3.65
01009,2002,5.416666666666667
01009,2003,4.608333333333333
01009,2004,4.133333333333334
01009,2005,3.5833333333333335
01009,2006,3.216666666666667
01009,2007,3.2416666666666667
01009,2008,4.825
01009,2009,9.158333333333333
01009,2010,9.7
01009,2011,8.65
01009,2012,7.058333333333334
01009,2013,6.375
01009,2014,6.091666666666667
01009,2015,5.425
01009,2016,5.408333333333333
01009,2017,4.116666666666666
01009,2018,3.4833333333333334
01009,2019,2.808333333333333
01009,2020,4.566666666666666
01009,2021,2.3833333333333333
01009,2022,2.2
01011,1990,12.45
01011,1991,18.7
01011,1992,14.883333333333333
01011,1993,14.575
01011,1994,14.258333333333333
01011,1995,16.55
01011,1996,14.358333333333333
01011,1997,10.275
01011,1998,10.475
01011,1999,9.916666666666666
01011,2000,8.516666666666666
01011,2001,9.991666666666667
01011,2002,10.175
01011,2003,10.908333333333333
01011,2004,11.383333333333333
01011,2005,9.391666666666666
01011,2006,8.775
01011,2007,9.591666666666667
01011,2008,10.825
01011,2009,14.358333333333333
01011,2010,11.625
01011,2011,11.475
01011,2012,10.558333333333334
01011,2013,9.45
01011,2014,8.741666666666667
01011,2015,7.975
01011,2016,6.833333333333333
01011,2017,5.041666666666667
01011,2018,4.633333333333333
01011,2019,3.8666666666666667
01011,2020,6.066666666666666
01011,2021,4
01011,2022,3.0083333333333333
01013,1990,12.891666666666667
01013,1991,12.133333333333333
01013,1992,12.15
01013,1993,10.75
01013,1994,8.983333333333334
01013,1995,8.358333333333334
01013,1996,9.166666666666666
01013,1997,9.766666666666666
01013,1998,11.125
01013,1999,13.558333333333334
01013,2000,7.841666666666667
01013,2001,7.591666666666667
01013,2002,7.9
01013,2003,8.608333333333333
01013,2004,9.341666666666667
01013,2005,6.441666666666666
01013,2006,5.675
01013,2007,6.266666666666667
01013,2008,8.833333333333334
01013,2009,15.091666666666667
01013,2010,13.4
01013,2011,12.35
01013,2012,11.808333333333334
01013,2013,10.433333333333334
01013,2014,8.483333333333333
01013,2015,7.641666666666667
01013,2016,6.941666666666666
01013,2017,5.633333333333334
01013,2018,4.716666666666667
01013,2019,3.8833333333333333
01013,2020,9.658333333333333
01013,2021,5.3
01013,2022,3.908333333333333
01015,1990,7.191666666666666
01015,1991,7.65
01015,1992,8.858333333333333
01015,1993,8.6
01015,1994,7.825
01015,1995,7.741666666666666
01015,1996,6.225
01015,1997,5.475
01015,1998,4.766666666666667
01015,1999,5.091666666666667
01015,2000,5.116666666666666
01015,2001,5.575
01015,2002,6
01015,2003,5.916666666666667
01015,2004,5.375
01015,2005,4.483333333333333
01015,2006,3.9916666666666667
01015,2007,4
01015,2008,5.883333333333333
01015,2009,10.2
01015,2010,11.216666666666667
01015,2011,10.291666666666666
01015,2012,9.1
01015,2013,8.925
01015,2014,7.933333333333334
01015,2015,7.066666666666666
01015,2016,6.566666666666666
01015,2017,5.058333333333334
01015,2018,4.591666666666667
01015,2019,3.725
01015,2020,7.758333333333334
01015,2021,4.133333333333334
01015,2022,3.175
01017,1990,7.225
01017,1991,9.933333333333334
01017,1992,7.933333333333334
01017,1993,9.475
01017,1994,8.183333333333334
01017,1995,7.283333333333333
01017,1996,5.141666666666667
01017,1997,4.566666666666666
01017,1998,4.266666666666667
01017,1999,4.683333333333334
01017,2000,4.45
01017,2001,5.491666666666667
01017,2002,6.708333333333333
01017,2003,6.4
01017,2004,6.9
01017,2005,5.691666666666666
01017,2006,5.783333333333333
01017,2007,6.616666666666667
01017,2008,14.891666666666667
01017,2009,18.1
01017,2010,14.616666666666667
01017,2011,11.841666666666667
01017,2012,10.075
01017,2013,8.091666666666667
01017,2014,6.666666666666667
01017,2015,6.083333333333333
01017,2016,5.491666666666667
01017,2017,4.183333333333334
01017,2018,3.8666666666666667
01017,2019,3.066666666666667
01017,2020,7.533333333333333
01017,2021,3.691666666666667
01017,2022,2.7
01019,1990,9.883333333333333
01019,1991,8.525
01019,1992,7.091666666666667
01019,1993,6.208333333333333
01019,1994,6.25
01019,1995,6.25
01019,1996,4.4
01019,1997,4.016666666666667
01019,1998,4.391666666666667
01019,1999,4.916666666666667
01019,2000,4.525
01019,2001,4.608333333333333
01019,2002,4.741666666666667
01019,2003,4.891666666666667
01019,2004,4.725
01019,2005,4.316666666666666
01019,2006,4.183333333333334
01019,2007,4.258333333333334
01019,2008,5.933333333333334
01019,2009,10.7
01019,2010,10.458333333333334
01019,2011,9.616666666666667
01019,2012,8.216666666666667
01019,2013,6.691666666666666
01019,2014,5.775
01019,2015,5.491666666666667
01019,2016,5.075
01019,2017,4.158333333333333
01019,2018,3.558333333333333
01019,2019,3.025
01019,2020,5.191666666666666
01019,2021,2.5
01019,2022,2.3333333333333335
01021,1990,8.975
01021,1991,9.933333333333334
01021,1992,10.058333333333334
01021,1993,8.8
01021,1994,6.966666666666667
01021,1995,6.208333333333333
01021,1996,4.858333333333333
01021,1997,4.85
01021,1998,4.575
01021,1999,3.8083333333333336
01021,2000,4.316666666666666
01021,2001,4.841666666666667
01021,2002,5.125
01021,2003,4.991666666666666
01021,2004,4.641666666666667
01021,2005,3.8833333333333333
01021,2006,3.5583333333333336
01021,2007,3.441666666666667
01021,2008,5.233333333333333
01021,2009,9.758333333333333
01021,2010,10.15
01021,2011,9.091666666666667
01021,2012,7.3999999999999995
01021,2013,6.65
01021,2014,6.225
01021,2015,5.675
01021,2016,5.491666666666666
01021,2017,4.158333333333333
01021,2018,3.591666666666667
01021,2019,2.8666666666666667
01021,2020,5.516666666666667
01021,2021,2.8583333333333334
01021,2022,2.2666666666666666
01023,1990,12.558333333333334
01023,1991,10.5
01023,1992,11.441666666666666
01023,1993,14.091666666666667
01023,1994,11.225
01023,1995,10.208333333333334
01023,1996,13.933333333333334
01023,1997,14.383333333333333
01023,1998,11.35
01023,1999,9.133333333333333
01023,2000,6.6
01023,2001,7.216666666666667
01023,2002,8.858333333333334
01023,2003,9.958333333333334
01023,2004,8.466666666666667
01023,2005,6.516666666666667
01023,2006,5.583333333333333
01023,2007,6.058333333333334
01023,2008,8.633333333333333
01023,2009,12.366666666666667
01023,2010,13.008333333333333
01023,2011,13.025
01023,2012,10.558333333333334
01023,2013,9.341666666666667
01023,2014,8.95
01023,2015,9.15
01023,2016,8.541666666666666
01023,2017,6.475
01023,2018,5.45
01023,2019,4.875
01023,2020,7.416666666666667
01023,2021,4.341666666666667
01023,2022,3.8083333333333336
01025,1990,8.208333333333334
01025,1991,9.45
01025,1992,12.966666666666667
01025,1993,11.791666666666666
01025,1994,9.058333333333334
01025,1995,10.183333333333334
01025,1996,8.925
01025,1997,9.783333333333333
01025,1998,8.983333333333334
01025,1999,8.55
01025,2000,7.383333333333333
01025,2001,9.866666666666667
01025,2002,9.083333333333334
01025,2003,8.558333333333334
01025,2004,8.75
01025,2005,6.341666666666667
01025,2006,6.158333333333333
01025,2007,6.183333333333334
01025,2008,9.291666666666666
01025,2009,15.25
01025,2010,19.5
01025,2011,18.575
01025,2012,15.366666666666667
01025,2013,13.958333333333332
01025,2014,12.1
01025,2015,11.783333333333333
01025,2016,10.891666666666666
01025,2017,8.658333333333333
01025,2018,7.383333333333334
01025,2019,6.008333333333333
01025,2020,9.883333333333333
01025,2021,6
01025,2022,5.408333333333333
01027,1990,7.05
01027,1991,9.591666666666667
01027,1992,6.791666666666667
01027,1993,10.133333333333333
01027,1994,5.666666666666667
01027,1995,5.441666666666666
01027,1996,4.9
01027,1997,4.491666666666666
01027,1998,3.6916666666666664
01027,1999,5.391666666666667
01027,2000,6.191666666666666
01027,2001,6.141666666666667
01027,2002,6.25
01027,2003,7.216666666666667
01027,2004,6.258333333333333
01027,2005,4.916666666666667
01027,2006,4.491666666666666
01027,2007,5.65
01027,2008,8.2
01027,2009,15.366666666666667
01027,2010,14.183333333333334
01027,2011,11.716666666666667
01027,2012,9.583333333333334
01027,2013,8.483333333333333
01027,2014,7.116666666666667
01027,2015,6.166666666666667
01027,2016,5.958333333333333
01027,2017,4.458333333333333
01027,2018,3.8083333333333336
01027,2019,3.1166666666666667
01027,2020,4.491666666666667
01027,2021,2.7
01027,2022,2.2583333333333333
01029,1990,6.566666666666666
01029,1991,7.275
01029,1992,6.516666666666667
01029,1993,6.633333333333334
01029,1994,4.358333333333333
01029,1995,5.45
01029,1996,4.408333333333333
01029,1997,3.4916666666666667
01029,1998,3.7916666666666665
01029,1999,4.291666666666667
01029,2000,4.108333333333333
01029,2001,5.3
01029,2002,5
01029,2003,6.016666666666667
01029,2004,5.216666666666667
01029,2005,3.925
01029,2006,3.45
01029,2007,3.725
01029,2008,5.233333333333333
01029,2009,9.333333333333334
01029,2010,9.841666666666667
01029,2011,9.633333333333333
01029,2012,8.408333333333333
01029,2013,7.783333333333333
01029,2014,6.575
01029,2015,6.075
01029,2016,6
01029,2017,4.625
01029,2018,4.216666666666667
01029,2019,3.3
01029,2020,5.1
01029,2021,2.575
01029,2022,2.341666666666667
01031,1990,6.366666666666666
01031,1991,6.475
01031,1992,5.991666666666666
01031,1993,6.008333333333333
01031,1994,4.891666666666667
01031,1995,4.375
01031,1996,5.016666666666667
01031,1997,3.9583333333333335
01031,1998,4.125
01031,1999,4.716666666666667
01031,2000,5.858333333333333
01031,2001,6.266666666666667
01031,2002,5.2
01031,2003,5.466666666666667
01031,2004,5.258333333333333
01031,2005,3.8666666666666667
01031,2006,3.7
01031,2007,3.875
01031,2008,5.016666666666667
01031,2009,7.8
01031,2010,8.466666666666667
01031,2011,8.066666666666666
01031,2012,7.216666666666667
01031,2013,6.983333333333333
01031,2014,6.591666666666667
01031,2015,6
01031,2016,5.908333333333333
01031,2017,4.508333333333334
01031,2018,3.908333333333333
01031,2019,3.0416666666666665
01031,2020,4.875
01031,2021,2.7916666666666665
01031,2022,2.5416666666666665
01033,1990,8.125
01033,1991,8.95
01033,1992,8.75
01033,1993,8.258333333333333
01033,1994,7.608333333333333
01033,1995,7.075
01033,1996,6.925
01033,1997,7.108333333333333
01033,1998,8.1
01033,1999,7.141666666666667
01033,2000,5.616666666666667
01033,2001,6.941666666666666
01033,2002,8.341666666666667
01033,2003,7.433333333333334
01033,2004,7.008333333333333
01033,2005,5.375
01033,2006,4.625
01033,2007,4.708333333333333
01033,2008,6.708333333333333
01033,2009,10.658333333333333
01033,2010,11.283333333333333
01033,2011,10.133333333333333
01033,2012,8.975
01033,2013,8.316666666666666
01033,2014,8.25
01033,2015,7.975
01033,2016,6.966666666666667
01033,2017,5.325
01033,2018,4.558333333333334
01033,2019,3.9333333333333336
01033,2020,7.3
01033,2021,4
01033,2022,3.175
01035,1990,9.775
01035,1991,10.858333333333333
01035,1992,13.2
01035,1993,10.141666666666667
01035,1994,9.133333333333333
01035,1995,10.366666666666667
01035,1996,12.383333333333333
01035,1997,10.366666666666667
01035,1998,8.958333333333334
01035,1999,9.283333333333333
01035,2000,6.575
01035,2001,7.383333333333333
01035,2002,8.191666666666666
01035,2003,8.516666666666666
01035,2004,8.366666666666667
01035,2005,6.15
01035,2006,5.591666666666667
01035,2007,6.558333333333334
01035,2008,9.658333333333333
01035,2009,18.441666666666666
01035,2010,16.916666666666668
01035,2011,15.05
01035,2012,12.183333333333334
01035,2013,10.891666666666666
01035,2014,10.275
01035,2015,9.275
01035,2016,8.433333333333334
01035,2017,6.25
01035,2018,5.1499999999999995
01035,2019,4.158333333333333
01035,2020,8
01035,2021,4.841666666666667
01035,2022,3.75
01037,1990,6.441666666666666
01037,1991,6.683333333333334
01037,1992,5.858333333333333
01037,1993,6.116666666666667
01037,1994,5.366666666666667
01037,1995,4.833333333333333
01037,1996,4.825
01037,1997,4.35
01037,1998,4.366666666666666
01037,1999,5.533333333333333
01037,2000,5.475
01037,2001,6.825
01037,2002,9.333333333333334
01037,2003,8.15
01037,2004,7.025
01037,2005,4.991666666666667
01037,2006,5.55
01037,2007,5.891666666666667
01037,2008,8.508333333333333
01037,2009,14.775
01037,2010,15.1
01037,2011,12.333333333333334
01037,2012,9.583333333333334
01037,2013,9.283333333333333
01037,2014,8.75
01037,2015,6.716666666666667
01037,2016,5.983333333333333
01037,2017,4.783333333333333
01037,2018,4.108333333333333
01037,2019,3.1416666666666666
01037,2020,6.208333333333333
01037,2021,3.075
01037,2022,2.5166666666666666
01039,1990,7.758333333333333
01039,1991,9.583333333333332
01039,1992,10.633333333333333
01039,1993,9.166666666666666
01039,1994,6.008333333333333
01039,1995,6.675
01039,1996,7.966666666666667
01039,1997,6.733333333333333
01039,1998,6.75
01039,1999,8.15
01039,2000,6.975
01039,2001,6.425
01039,2002,5.95
01039,2003,6.941666666666666
01039,2004,6.591666666666667
01039,2005,4.475
01039,2006,3.85
01039,2007,3.95
01039,2008,6.133333333333333
01039,2009,9.908333333333333
01039,2010,10.216666666666667
01039,2011,9.775
01039,2012,8.583333333333334
01039,2013,8.208333333333334
01039,2014,7.75
01039,2015,7.191666666666666
01039,2016,6.783333333333333
01039,2017,5.325
01039,2018,4.541666666666667
01039,2019,3.6166666666666667
01039,2020,5.508333333333333
01039,2021,3.025
01039,2022,2.6
01041,1990,7.5
01041,1991,8.483333333333333
01041,1992,8.808333333333334
01041,1993,7.858333333333333
01041,1994,5.966666666666667
01041,1995,5.691666666666666
01041,1996,9.058333333333334
01041,1997,8.133333333333333
01041,1998,8.341666666666667
01041,1999,11.033333333333333
01041,2000,5.75
01041,2001,6.058333333333334
01041,2002,6.1
01041,2003,6.783333333333333
01041,2004,6.766666666666667
01041,2005,4.9
01041,2006,3.9583333333333335
01041,2007,4.408333333333333
01041,2008,5.741666666666667
01041,2009,9.55
01041,2010,10.05
01041,2011,9.825
01041,2012,8.508333333333333
01041,2013,7.75
01041,2014,6.875
01041,2015,6.025
01041,2016,5.883333333333333
01041,2017,4.633333333333334
01041,2018,4.016666666666667
01041,2019,2.975
01041,2020,6.375
01041,2021,3.2916666666666665
01041,2022,2.683333333333333
01043,1990,7.116666666666667
01043,1991,7.508333333333333
01043,1992,7.083333333333333
01043,1993,6.425
01043,1994,5.141666666666667
01043,1995,5.208333333333333
01043,1996,4.741666666666667
01043,1997,4.125
01043,1998,3.658333333333333
01043,1999,3.8916666666666666
01043,2000,4.175
01043,2001,4.658333333333333
01043,2002,6.025
01043,2003,5.808333333333334
01043,2004,5.133333333333333
01043,2005,3.9916666666666667
01043,2006,3.4166666666666665
01043,2007,3.408333333333333
01043,2008,5.05
01043,2009,9.4
01043,2010,10.333333333333334
01043,2011,9.466666666666667
01043,2012,7.891666666666667
01043,2013,6.758333333333334
01043,2014,6.041666666666667
01043,2015,5.275
01043,2016,4.991666666666666
01043,2017,3.841666666666667
01043,2018,3.2666666666666666
01043,2019,2.7416666666666667
01043,2020,4.866666666666666
01043,2021,2.35
01043,2022,2.0416666666666665
01045,1990,5.633333333333333
01045,1991,6.466666666666667
01045,1992,6.941666666666666
01045,1993,8.808333333333334
01045,1994,7.75
01045,1995,6.591666666666667
01045,1996,5.291666666666667
01045,1997,5.433333333333334
01045,1998,4.216666666666667
01045,1999,4.833333333333333
01045,2000,5.258333333333334
01045,2001,5.625
01045,2002,5.708333333333333
01045,2003,5.25
01045,2004,5.291666666666667
01045,2005,4.416666666666667
01045,2006,4.633333333333334
01045,2007,4.016666666666667
01045,2008,5.616666666666667
01045,2009,8.833333333333334
01045,2010,8.741666666666667
01045,2011,8.291666666666666
01045,2012,7.633333333333334
01045,2013,7.483333333333333
01045,2014,7.033333333333333
01045,2015,6.391666666666667
01045,2016,5.808333333333334
01045,2017,4.575
01045,2018,4.15
01045,2019,3.275
01045,2020,5.433333333333334
01045,2021,3.1416666666666666
01045,2022,2.65
01047,1990,12.216666666666667
01047,1991,12.925
01047,1992,13.7
01047,1993,14.75
01047,1994,12.041666666666666
01047,1995,12.433333333333334
01047,1996,12.4
01047,1997,10.891666666666667
01047,1998,10.266666666666667
01047,1999,10.891666666666666
01047,2000,8.125
01047,2001,9.266666666666667
01047,2002,11.425
01047,2003,11.283333333333333
01047,2004,9.9
01047,2005,8.475
01047,2006,8.125
01047,2007,8.508333333333333
01047,2008,11.441666666666666
01047,2009,19.55
01047,2010,16.541666666666668
01047,2011,14.966666666666667
01047,2012,13.183333333333334
01047,2013,12.383333333333333
01047,2014,11.175
01047,2015,9.641666666666667
01047,2016,9.241666666666667
01047,2017,7.65
01047,2018,6.45
01047,2019,5.725
01047,2020,11.7
01047,2021,7.416666666666667
01047,2022,6.175
01049,1990,7.483333333333333
01049,1991,7.841666666666667
01049,1992,7.025
01049,1993,6.658333333333333
01049,1994,5.575
01049,1995,5.125
01049,1996,5.775
01049,1997,5.141666666666667
01049,1998,4.4
01049,1999,3.9
01049,2000,4.075
01049,2001,4.858333333333333
01049,2002,5.158333333333333
01049,2003,5.716666666666667
01049,2004,5.716666666666667
01049,2005,5.033333333333333
01049,2006,4.141666666666667
01049,2007,4.35
01049,2008,6.025
01049,2009,13.108333333333334
01049,2010,12.416666666666666
01049,2011,11.691666666666666
01049,2012,9.266666666666666
01049,2013,7.725
01049,2014,6.841666666666667
01049,2015,6.091666666666667
01049,2016,6.083333333333333
01049,2017,4.608333333333333
01049,2018,3.783333333333333
01049,2019,2.9333333333333336
01049,2020,5.041666666666667
01049,2021,2.533333333333333
01049,2022,2.2916666666666665
01051,1990,6.175
01051,1991,6.641666666666667
01051,1992,6.4
01051,1993,6.033333333333333
01051,1994,4.766666666666667
01051,1995,4.775
01051,1996,3.8166666666666664
01051,1997,3.575
01051,1998,2.9916666666666667
01051,1999,3.3333333333333335
01051,2000,4.025
01051,2001,4.283333333333333
01051,2002,4.808333333333334
01051,2003,5.083333333333333
01051,2004,4.808333333333334
01051,2005,3.7333333333333334
01051,2006,3.375
01051,2007,3.3833333333333333
01051,2008,5.291666666666667
01051,2009,8.658333333333333
01051,2010,8.975
01051,2011,8.4
01051,2012,7.116666666666667
01051,2013,6.258333333333334
01051,2014,5.675
01051,2015,5.05
01051,2016,4.75
01051,2017,3.775
01051,2018,3.4166666666666665
01051,2019,2.75
01051,2020,5.341666666666667
01051,2021,2.725
01051,2022,2.2083333333333335
01053,1990,8.683333333333334
01053,1991,9.141666666666666
01053,1992,12
01053,1993,9.875
01053,1994,7.95
01053,1995,8.2
01053,1996,6.175
01053,1997,6.466666666666667
01053,1998,6.225
01053,1999,6.341666666666667
01053,2000,5.25
01053,2001,6.216666666666667
01053,2002,8.733333333333333
01053,2003,8.6
01053,2004,7.475
01053,2005,5.533333333333333
01053,2006,4.933333333333334
01053,2007,5.408333333333333
01053,2008,7.808333333333334
01053,2009,12.391666666666666
01053,2010,11.575
01053,2011,10.733333333333333
01053,2012,9.416666666666666
01053,2013,8.716666666666667
01053,2014,7.958333333333334
01053,2015,7.066666666666666
01053,2016,6.658333333333333
01053,2017,5.1
01053,2018,4.5
01053,2019,3.7083333333333335
01053,2020,6.775
01053,2021,4.1
01053,2022,3.225
01055,1990,11.025
01055,1991,10.508333333333333
01055,1992,8.8
01055,1993,7.641666666666667
01055,1994,6.658333333333333
01055,1995,6.283333333333333
01055,1996,5.383333333333334
01055,1997,5.058333333333334
01055,1998,5.116666666666666
01055,1999,6.908333333333333
01055,2000,5.875
01055,2001,6.666666666666667
01055,2002,6.408333333333333
01055,2003,6.491666666666667
01055,2004,6.291666666666667
01055,2005,4.708333333333333
01055,2006,4.208333333333333
01055,2007,4.55
01055,2008,6.183333333333334
01055,2009,10.508333333333333
01055,2010,10.783333333333333
01055,2011,9.983333333333334
01055,2012,8.45
01055,2013,7.7
01055,2014,7.008333333333334
01055,2015,6.225
01055,2016,5.925
01055,2017,4.708333333333333
01055,2018,4.066666666666666
01055,2019,3.533333333333333
01055,2020,8.483333333333334
01055,2021,4.066666666666666
01055,2022,3.1666666666666665
01057,1990,9.841666666666667
01057,1991,10.558333333333334
01057,1992,8.766666666666667
01057,1993,9.058333333333334
01057,1994,6.475
01057,1995,5.65
01057,1996,4.216666666666667
01057,1997,4.85
01057,1998,7.416666666666667
01057,1999,9.658333333333333
01057,2000,5.9
01057,2001,6.4
01057,2002,8.566666666666666
01057,2003,6.883333333333334
01057,2004,6.816666666666666
01057,2005,4.425
01057,2006,4.208333333333333
01057,2007,4.816666666666666
01057,2008,7.466666666666667
01057,2009,12.883333333333333
01057,2010,12.791666666666666
01057,2011,10.975
01057,2012,8.808333333333334
01057,2013,8.4
01057,2014,7.808333333333334
01057,2015,7.058333333333334
01057,2016,6.766666666666667
01057,2017,4.825
01057,2018,4.058333333333334
01057,2019,3.2583333333333333
01057,2020,5.566666666666666
01057,2021,3.058333333333333
01057,2022,2.7416666666666667
01059,1990,11.358333333333334
01059,1991,9.441666666666666
01059,1992,8.075
01059,1993,7.3999999999999995
01059,1994,6.733333333333333
01059,1995,7.041666666666666
01059,1996,7.258333333333333
01059,1997,8.3
01059,1998,7.625
01059,1999,7.316666666666666
01059,2000,6.608333333333333
01059,2001,7.716666666666667
01059,2002,11.233333333333334
01059,2003,9.525
01059,2004,6.883333333333334
01059,2005,5.25
01059,2006,4.608333333333333
01059,2007,4.691666666666666
01059,2008,7.641666666666667
01059,2009,12.325
01059,2010,10.533333333333333
01059,2011,9.458333333333334
01059,2012,8.558333333333334
01059,2013,8.175
01059,2014,7.683333333333334
01059,2015,6.475
01059,2016,5.9
01059,2017,4.375
01059,2018,3.6999999999999997
01059,2019,2.9166666666666665
01059,2020,4.983333333333333
01059,2021,2.533333333333333
01059,2022,2.35
01061,1990,4.766666666666667
01061,1991,5.1
01061,1992,4.983333333333333
01061,1993,5.883333333333333
01061,1994,5.166666666666667
01061,1995,6.575
01061,1996,8.483333333333334
01061,1997,5.825
01061,1998,6.308333333333334
01061,1999,7.458333333333334
01061,2000,5.141666666666667
01061,2001,6.525
01061,2002,4.941666666666666
01061,2003,5.55
01061,2004,4.866666666666667
01061,2005,3.8666666666666667
01061,2006,3.7333333333333334
01061,2007,3.533333333333333
01061,2008,5.65
01061,2009,9.883333333333333
01061,2010,10.216666666666667
01061,2011,9.15
01061,2012,7.741666666666667
01061,2013,7.066666666666666
01061,2014,6.65
01061,2015,5.958333333333333
01061,2016,5.816666666666666
01061,2017,4.45
01061,2018,3.9333333333333336
01061,2019,3.125
01061,2020,4.65
01061,2021,2.8083333333333336
01061,2022,2.4166666666666665
01063,1990,11.683333333333334
01063,1991,11.416666666666666
01063,1992,13.516666666666666
01063,1993,14.7
01063,1994,13.958333333333334
01063,1995,13.825000000000001
01063,1996,18.016666666666666
01063,1997,18.333333333333332
01063,1998,13.708333333333332
01063,1999,12.308333333333334
01063,2000,6.883333333333334
01063,2001,7.208333333333333
01063,2002,8.475
01063,2003,8.483333333333334
01063,2004,8.608333333333333
01063,2005,6.625
01063,2006,5.575
01063,2007,6.466666666666667
01063,2008,8.808333333333334
01063,2009,14.05
01063,2010,16.95
01063,2011,17.108333333333334
01063,2012,13.875
01063,2013,12.95
01063,2014,12.391666666666666
01063,2015,11.133333333333333
01063,2016,9.983333333333334
01063,2017,7.758333333333334
01063,2018,6.608333333333333
01063,2019,5.858333333333333
01063,2020,11.741666666666667
01063,2021,6.85
01063,2022,5.316666666666666
01065,1990,7.758333333333333
01065,1991,9.175
01065,1992,10.258333333333333
01065,1993,9.741666666666667
01065,1994,9.516666666666667
01065,1995,9.3
01065,1996,8.166666666666666
01065,1997,7.616666666666666
01065,1998,7.666666666666667
01065,1999,7.5
01065,2000,6.075
01065,2001,7.3
01065,2002,8.416666666666666
01065,2003,8.433333333333334
01065,2004,7.408333333333333
01065,2005,5.391666666666667
01065,2006,5.208333333333333
01065,2007,5.475
01065,2008,7.6499999999999995
01065,2009,13.108333333333334
01065,2010,14.85
01065,2011,13.675
01065,2012,11.75
01065,2013,11.783333333333333
01065,2014,9.833333333333334
01065,2015,7.8
01065,2016,7.65
01065,2017,6.091666666666667
01065,2018,5.025
01065,2019,4.15
01065,2020,10.333333333333334
01065,2021,5.716666666666667
01065,2022,4.466666666666667
01067,1990,4.816666666666666
01067,1991,8.083333333333334
01067,1992,7.775
01067,1993,9.700000000000001
01067,1994,7.525
01067,1995,6.875
01067,1996,6.733333333333333
01067,1997,5.641666666666667
01067,1998,5.133333333333333
01067,1999,5.2
01067,2000,4.975
01067,2001,5.441666666666666
01067,2002,6.05
01067,2003,5.75
01067,2004,5.55
01067,2005,4.275
01067,2006,3.9833333333333334
01067,2007,5.466666666666667
01067,2008,7.95
01067,2009,10.258333333333333
01067,2010,10.775
01067,2011,9.666666666666666
01067,2012,8.5
01067,2013,7.808333333333334
01067,2014,7.458333333333333
01067,2015,6.858333333333333
01067,2016,6.541666666666667
01067,2017,4.991666666666666
01067,2018,4.408333333333333
01067,2019,3.7916666666666665
01067,2020,5.425
01067,2021,3.2
01067,2022,2.7666666666666666
01069,1990,4.391666666666667
01069,1991,5.166666666666666
01069,1992,5.525
01069,1993,6.833333333333333
01069,1994,5.983333333333333
01069,1995,4.766666666666667
01069,1996,4.216666666666667
01069,1997,4.375
01069,1998,3.441666666666667
01069,1999,3.7333333333333334
01069,2000,4.45
01069,2001,4.341666666666667
01069,2002,4.75
01069,2003,4.833333333333333
01069,2004,4.616666666666667
01069,2005,3.808333333333333
01069,2006,3.4166666666666665
01069,2007,3.408333333333333
01069,2008,5.05
01069,2009,8.5
01069,2010,9.05
01069,2011,8.608333333333333
01069,2012,7.758333333333334
01069,2013,7.008333333333333
01069,2014,6.741666666666666
01069,2015,6.275
01069,2016,5.783333333333333
01069,2017,4.466666666666667
01069,2018,4.025
01069,2019,3.158333333333333
01069,2020,5.991666666666667
01069,2021,3.4
01069,2022,2.6916666666666664
01071,1990,9.175
01071,1991,10.633333333333333
01071,1992,10.741666666666667
01071,1993,9.608333333333334
01071,1994,9.475
01071,1995,9.299999999999999
01071,1996,9.425
01071,1997,8.066666666666666
01071,1998,6.275
01071,1999,6.575
01071,2000,5.241666666666666
01071,2001,6.608333333333333
01071,2002,7.05
01071,2003,7.008333333333334
01071,2004,6.733333333333333
01071,2005,4.991666666666667
01071,2006,4.441666666666666
01071,2007,4.608333333333333
01071,2008,6.391666666666667
01071,2009,11.716666666666667
01071,2010,11.658333333333333
01071,2011,10.225
01071,2012,8.8
01071,2013,7.991666666666666
01071,2014,7.225
01071,2015,6.7
01071,2016,6.308333333333334
01071,2017,4.891666666666667
01071,2018,4.066666666666666
01071,2019,3.45
01071,2020,5.916666666666667
01071,2021,2.85
01071,2022,2.5166666666666666
01073,1990,5.083333333333333
01073,1991,5.5
01073,1992,6.041666666666667
01073,1993,5.6
01073,1994,4.558333333333334
01073,1995,4.266666666666667
01073,1996,3.525
01073,1997,3.6
01073,1998,3.2916666666666665
01073,1999,3.4
01073,2000,4
01073,2001,4.366666666666666
01073,2002,5.208333333333333
01073,2003,5.483333333333333
01073,2004,5.225
01073,2005,4.4
01073,2006,3.9916666666666667
01073,2007,3.925
01073,2008,5.591666666666667
01073,2009,9.85
01073,2010,10.183333333333334
01073,2011,9.233333333333334
01073,2012,7.608333333333333
01073,2013,6.758333333333334
01073,2014,6.25
01073,2015,5.791666666666667
01073,2016,5.75
01073,2017,4.358333333333333
01073,2018,3.7
01073,2019,3
01073,2020,6.858333333333333
01073,2021,3.6416666666666666
01073,2022,2.725
01075,1990,8
01075,1991,9.983333333333334
01075,1992,9.483333333333333
01075,1993,9.4
01075,1994,6.266666666666667
01075,1995,5.958333333333333
01075,1996,6.725
01075,1997,8.341666666666667
01075,1998,8.266666666666667
01075,1999,9.383333333333333
01075,2000,7.025
01075,2001,8.141666666666667
01075,2002,8.45
01075,2003,8.733333333333333
01075,2004,8.091666666666667
01075,2005,5.541666666666667
01075,2006,5.166666666666666
01075,2007,6.366666666666667
01075,2008,8.258333333333333
01075,2009,14.733333333333334
01075,2010,12.966666666666667
01075,2011,9.591666666666667
01075,2012,7.708333333333333
01075,2013,7.108333333333333
01075,2014,6.925
01075,2015,6.35
01075,2016,5.65
01075,2017,4.283333333333333
01075,2018,3.7666666666666666
01075,2019,3.2583333333333333
01075,2020,5.425
01075,2021,2.9916666666666667
01075,2022,2.683333333333333
01077,1990,6.983333333333333
01077,1991,7.508333333333333
01077,1992,6.975
01077,1993,7.091666666666667
01077,1994,6.333333333333333
01077,1995,5.7
01077,1996,5.908333333333333
01077,1997,6.075
01077,1998,7.016666666666667
01077,1999,6.275
01077,2000,5.033333333333333
01077,2001,6.608333333333333
01077,2002,8.625
01077,2003,7.283333333333333
01077,2004,6.316666666666666
01077,2005,5.083333333333333
01077,2006,4.191666666666666
01077,2007,4.391666666666667
01077,2008,5.941666666666666
01077,2009,9.758333333333333
01077,2010,9.966666666666667
01077,2011,9.091666666666667
01077,2012,7.85
01077,2013,7.225
01077,2014,7.166666666666667
01077,2015,6.975
01077,2016,6.366666666666667
01077,2017,4.741666666666666
01077,2018,4.166666666666667
01077,2019,3.45
01077,2020,6.183333333333334
01077,2021,3.175
01077,2022,2.683333333333333
01079,1990,8.4
01079,1991,9.766666666666666
01079,1992,10.225
01079,1993,9.691666666666666
01079,1994,7.883333333333334
01079,1995,7.35
01079,1996,6.625
01079,1997,6.55
01079,1998,5.616666666666667
01079,1999,5.933333333333334
01079,2000,5.041666666666667
01079,2001,6.016666666666667
01079,2002,6.808333333333334
01079,2003,6.641666666666667
01079,2004,6.325
01079,2005,5.525
01079,2006,4.783333333333333
01079,2007,4.191666666666666
01079,2008,6.7
01079,2009,12.525
01079,2010,12.358333333333333
01079,2011,10.775
01079,2012,9.233333333333334
01079,2013,8.45
01079,2014,8.175
01079,2015,7.775
01079,2016,6.925
01079,2017,5.05
01079,2018,4.133333333333334
01079,2019,3.3249999999999997
01079,2020,5.475
01079,2021,2.925
01079,2022,2.466666666666667
01081,1990,6.125
01081,1991,5.941666666666666
01081,1992,5.583333333333333
01081,1993,5.816666666666666
01081,1994,4.258333333333333
01081,1995,4.208333333333333
01081,1996,3.2666666666666666
01081,1997,3.7
01081,1998,3.625
01081,1999,3.5
01081,2000,4.05
01081,2001,4.141666666666667
01081,2002,4.583333333333333
01081,2003,4.666666666666667
01081,2004,4.408333333333333
01081,2005,3.7083333333333335
01081,2006,3.375
01081,2007,3.6999999999999997
01081,2008,5.375
01081,2009,8.608333333333334
01081,2010,8.916666666666666
01081,2011,8.033333333333333
01081,2012,6.975
01081,2013,5.975
01081,2014,5.566666666666666
01081,2015,5.283333333333333
01081,2016,5.25
01081,2017,4.066666666666666
01081,2018,3.6166666666666667
01081,2019,2.875
01081,2020,5.858333333333333
01081,2021,2.8333333333333335
01081,2022,2.4
01083,1990,6.558333333333334
01083,1991,8.233333333333333
01083,1992,6.991666666666667
01083,1993,5.841666666666667
01083,1994,5.7
01083,1995,4.925
01083,1996,4.633333333333333
01083,1997,3.925
01083,1998,4.166666666666667
01083,1999,3.625
01083,2000,3.85
01083,2001,4.383333333333333
01083,2002,5.375
01083,2003,5.5
01083,2004,5.075
01083,2005,4.416666666666667
01083,2006,3.6166666666666667
01083,2007,3.416666666666667
01083,2008,4.883333333333333
01083,2009,8.95
01083,2010,9.541666666666666
01083,2011,8.575
01083,2012,7.05
01083,2013,6.333333333333333
01083,2014,6.075
01083,2015,5.516666666666667
01083,2016,5.258333333333334
01083,2017,4.125
01083,2018,3.5416666666666665
01083,2019,2.8
01083,2020,4.741666666666667
01083,2021,2.475
01083,2022,2.1333333333333333
01085,1990,15.816666666666666
01085,1991,16.425
01085,1992,17.5
01085,1993,18.683333333333334
01085,1994,15.341666666666667
01085,1995,16.008333333333333
01085,1996,14.641666666666666
01085,1997,14.166666666666666
01085,1998,11.275
01085,1999,12.458333333333334
01085,2000,6.983333333333333
01085,2001,7.291666666666667
01085,2002,8.933333333333334
01085,2003,9.175
01085,2004,9.15
01085,2005,7.966666666666667
01085,2006,7.5249999999999995
01085,2007,7.65
01085,2008,11.25
01085,2009,17.816666666666666
01085,2010,18.133333333333333
01085,2011,17.525
01085,2012,15.75
01085,2013,14.275
01085,2014,12.75
01085,2015,11.591666666666667
01085,2016,10.566666666666666
01085,2017,8.391666666666667
01085,2018,7.241666666666666
01085,2019,6.041666666666667
01085,2020,14.316666666666666
01085,2021,9.233333333333333
01085,2022,6.716666666666667
01087,1990,9
01087,1991,9.25
01087,1992,9.6
01087,1993,9.725
01087,1994,8.841666666666667
01087,1995,8.258333333333333
01087,1996,7.808333333333334
01087,1997,7.975
01087,1998,8.125
01087,1999,8.416666666666666
01087,2000,5.841666666666667
01087,2001,5.866666666666666
01087,2002,6.483333333333333
01087,2003,6.958333333333333
01087,2004,6.85
01087,2005,5.85
01087,2006,5.233333333333333
01087,2007,5.516666666666667
01087,2008,7.683333333333334
01087,2009,11.216666666666667
01087,2010,14.508333333333333
01087,2011,13.883333333333333
01087,2012,10.958333333333334
01087,2013,9.766666666666666
01087,2014,9.066666666666666
01087,2015,8.083333333333334
01087,2016,7.625
01087,2017,5.9
01087,2018,5.383333333333333
01087,2019,4.458333333333333
01087,2020,10.45
01087,2021,6.008333333333333
01087,2022,4.45
01089,1990,4.858333333333333
01089,1991,5.7
01089,1992,5.008333333333333
01089,1993,5.458333333333333
01089,1994,5.591666666666667
01089,1995,4.425
01089,1996,3.283333333333333
01089,1997,2.8666666666666667
01089,1998,2.85
01089,1999,3.2333333333333334
01089,2000,3.591666666666667
01089,2001,3.8916666666666666
01089,2002,4.6
01089,2003,4.716666666666667
01089,2004,4.591666666666667
01089,2005,3.55
01089,2006,3.275
01089,2007,3.1333333333333333
01089,2008,4.308333333333334
01089,2009,7.35
01089,2010,8.208333333333334
01089,2011,8.216666666666667
01089,2012,7.125
01089,2013,6.4
01089,2014,6.141666666666667
01089,2015,5.525
01089,2016,5.125
01089,2017,3.9833333333333334
01089,2018,3.45
01089,2019,2.716666666666667
01089,2020,5.175
01089,2021,2.6416666666666666
01089,2022,2.216666666666667
01091,1990,6.733333333333333
01091,1991,7.7
01091,1992,10.158333333333333
01091,1993,10.766666666666666
01091,1994,9.691666666666666
01091,1995,8.225
01091,1996,9.375
01091,1997,9.933333333333334
01091,1998,7.583333333333333
01091,1999,5.241666666666667
01091,2000,5.258333333333334
01091,2001,6.025
01091,2002,6.375
01091,2003,6.25
01091,2004,6.033333333333333
01091,2005,5.7
01091,2006,4.591666666666667
01091,2007,5.416666666666667
01091,2008,7.633333333333334
01091,2009,13.075
01091,2010,13.433333333333334
01091,2011,12.441666666666666
01091,2012,10.4
01091,2013,9.025
01091,2014,7.916666666666667
01091,2015,7.683333333333334
01091,2016,7.166666666666667
01091,2017,5.75
01091,2018,4.916666666666667
01091,2019,3.716666666666667
01091,2020,6.941666666666666
01091,2021,4.208333333333333
01091,2022,3.4833333333333334
01093,1990,14.108333333333334
01093,1991,11
01093,1992,8.983333333333334
01093,1993,9.125
01093,1994,7.266666666666667
01093,1995,5.808333333333334
01093,1996,7.416666666666667
01093,1997,7.983333333333333
01093,1998,7.158333333333333
01093,1999,7.983333333333333
01093,2000,6.725
01093,2001,8.775
01093,2002,8.766666666666667
01093,2003,7.158333333333333
01093,2004,6.316666666666666
01093,2005,4.441666666666666
01093,2006,4.333333333333333
01093,2007,5.316666666666666
01093,2008,8.25
01093,2009,15.291666666666666
01093,2010,13.291666666666666
01093,2011,11.075
01093,2012,9.133333333333333
01093,2013,8.041666666666666
01093,2014,7.858333333333333
01093,2015,6.991666666666666
01093,2016,6.625
01093,2017,4.925
01093,2018,4.041666666666667
01093,2019,3.65
01093,2020,5.625
01093,2021,2.841666666666667
01093,2022,2.4916666666666667
01095,1990,9
01095,1991,9.758333333333333
01095,1992,8.533333333333333
01095,1993,7.666666666666667
01095,1994,6.966666666666667
01095,1995,6.791666666666667
01095,1996,5.833333333333333
01095,1997,5.458333333333333
01095,1998,6.225
01095,1999,6.175
01095,2000,4.841666666666667
01095,2001,5.591666666666667
01095,2002,5.966666666666667
01095,2003,5.558333333333334
01095,2004,4.8
01095,2005,3.8833333333333333
01095,2006,3.441666666666667
01095,2007,3.5
01095,2008,4.916666666666667
01095,2009,9.308333333333334
01095,2010,9.541666666666666
01095,2011,9.4
01095,2012,7.975
01095,2013,6.925
01095,2014,6.641666666666667
01095,2015,5.825
01095,2016,5.358333333333333
01095,2017,3.941666666666667
01095,2018,3.3583333333333334
01095,2019,2.6083333333333334
01095,2020,4.683333333333334
01095,2021,2.3833333333333333
01095,2022,2.058333333333333
01097,1990,6.95
01097,1991,7.041666666666667
01097,1992,8.175
01097,1993,8.191666666666666
01097,1994,7.316666666666666
01097,1995,6.966666666666667
01097,1996,5.575
01097,1997,5.225
01097,1998,4.508333333333334
01097,1999,5.058333333333334
01097,2000,4.983333333333333
01097,2001,5.675
01097,2002,6.491666666666667
01097,2003,6.908333333333333
01097,2004,6.458333333333333
01097,2005,4.925
01097,2006,4.125
01097,2007,4.066666666666666
01097,2008,5.883333333333333
01097,2009,10.366666666666667
01097,2010,11.141666666666666
01097,2011,10.716666666666667
01097,2012,9.416666666666666
01097,2013,8.666666666666666
01097,2014,7.691666666666666
01097,2015,6.916666666666667
01097,2016,6.641666666666667
01097,2017,5.316666666666666
01097,2018,4.658333333333333
01097,2019,3.908333333333333
01097,2020,8.666666666666666
01097,2021,4.716666666666667
01097,2022,3.55
01099,1990,10.6
01099,1991,10.408333333333333
01099,1992,18.8
01099,1993,14.366666666666667
01099,1994,11.966666666666667
01099,1995,11.9
01099,1996,15.025
01099,1997,14.925
01099,1998,11.6
01099,1999,11.891666666666666
01099,2000,6.5
01099,2001,7.316666666666666
01099,2002,8.458333333333334
01099,2003,8.316666666666666
01099,2004,7.375
01099,2005,6.1
01099,2006,5.991666666666667
01099,2007,6.566666666666666
01099,2008,10.491666666666667
01099,2009,18.05
01099,2010,17.8
01099,2011,15.525
01099,2012,12.825
01099,2013,12.041666666666666
01099,2014,10.983333333333334
01099,2015,10.116666666666667
01099,2016,9.083333333333334
01099,2017,6.875
01099,2018,6.075
01099,2019,5.058333333333334
01099,2020,8.925
01099,2021,5.641666666666667
01099,2022,4.383333333333333
01101,1990,6.275
01101,1991,6.05
01101,1992,6.25
01101,1993,5.733333333333333
01101,1994,5.066666666666666
01101,1995,5.291666666666666
01101,1996,4.216666666666667
01101,1997,4.325
01101,1998,3.591666666666667
01101,1999,3.7666666666666666
01101,2000,4.233333333333333
01101,2001,4.575
01101,2002,5.35
01101,2003,5.775
01101,2004,5.666666666666667
01101,2005,4.525
01101,2006,4.125
01101,2007,4.2
01101,2008,6.116666666666666
01101,2009,9.616666666666667
01101,2010,9.883333333333333
01101,2011,9.675
01101,2012,8.258333333333333
01101,2013,7.408333333333333
01101,2014,6.825
01101,2015,6.125
01101,2016,5.691666666666666
01101,2017,4.45
01101,2018,3.975
01101,2019,3.25
01101,2020,8.55
01101,2021,4.841666666666667
01101,2022,3.433333333333333
01103,1990,6.433333333333334
01103,1991,7.183333333333334
01103,1992,7.65
01103,1993,7.041666666666667
01103,1994,6.716666666666667
01103,1995,5.866666666666667
01103,1996,4.766666666666667
01103,1997,4.666666666666667
01103,1998,4.058333333333334
01103,1999,4.25
01103,2000,4.241666666666666
01103,2001,5.175
01103,2002,6.366666666666667
01103,2003,6.508333333333334
01103,2004,5.991666666666667
01103,2005,4.475
01103,2006,3.9833333333333334
01103,2007,3.575
01103,2008,5.408333333333333
01103,2009,9.916666666666666
01103,2010,10.625
01103,2011,9.4
01103,2012,8.016666666666666
01103,2013,6.983333333333333
01103,2014,6.558333333333334
01103,2015,5.916666666666667
01103,2016,5.533333333333333
01103,2017,4.208333333333333
01103,2018,3.466666666666667
01103,2019,2.725
01103,2020,4.991666666666667
01103,2021,2.6
01103,2022,2.15
01105,1990,13.033333333333333
01105,1991,13.316666666666666
01105,1992,13.675
01105,1993,14.7
01105,1994,15.033333333333333
01105,1995,16.858333333333334
01105,1996,12.616666666666667
01105,1997,10.058333333333334
01105,1998,8.841666666666667
01105,1999,9.158333333333333
01105,2000,9.316666666666666
01105,2001,11.1
01105,2002,11.825
01105,2003,10.616666666666667
01105,2004,10
01105,2005,8.983333333333333
01105,2006,8.283333333333333
01105,2007,8.616666666666667
01105,2008,11.633333333333333
01105,2009,18.35
01105,2010,16.541666666666668
01105,2011,16.358333333333334
01105,2012,13.616666666666667
01105,2013,13.7
01105,2014,12.033333333333333
01105,2015,10.041666666666666
01105,2016,10.341666666666667
01105,2017,7.95
01105,2018,6.458333333333334
01105,2019,5.458333333333333
01105,2020,11.891666666666667
01105,2021,8.291666666666666
01105,2022,6.666666666666667
01107,1990,9.208333333333334
01107,1991,9.866666666666667
01107,1992,10.866666666666667
01107,1993,11.358333333333334
01107,1994,8.491666666666667
01107,1995,8.75
01107,1996,9.341666666666667
01107,1997,7.758333333333334
01107,1998,8.133333333333333
01107,1999,10.358333333333334
01107,2000,7.6
01107,2001,8.516666666666666
01107,2002,8.258333333333333
01107,2003,8.075
01107,2004,7.4750000000000005
01107,2005,5.383333333333334
01107,2006,5
01107,2007,5.116666666666667
01107,2008,7.375
01107,2009,12.558333333333334
01107,2010,12.933333333333334
01107,2011,11.866666666666667
01107,2012,10.383333333333333
01107,2013,9.45
01107,2014,8.116666666666667
01107,2015,6.783333333333333
01107,2016,6.866666666666666
01107,2017,5.491666666666666
01107,2018,4.583333333333333
01107,2019,3.691666666666667
01107,2020,7.358333333333333
01107,2021,4.091666666666667
01107,2022,3.3916666666666666
01109,1990,6.091666666666667
01109,1991,7.908333333333333
01109,1992,7.625
01109,1993,6.808333333333334
01109,1994,5.741666666666667
01109,1995,5.958333333333333
01109,1996,6.6
01109,1997,6.625
01109,1998,5.216666666666667
01109,1999,5.425
01109,2000,5.575
01109,2001,5.383333333333334
01109,2002,5.975
01109,2003,5.808333333333334
01109,2004,5.316666666666666
01109,2005,4.041666666666667
01109,2006,3.9666666666666663
01109,2007,4.1
01109,2008,5.041666666666667
01109,2009,8.7
01109,2010,9.366666666666667
01109,2011,8.85
01109,2012,8.2
01109,2013,7.75
01109,2014,7.325
01109,2015,6.616666666666666
01109,2016,6.5
01109,2017,4.966666666666667
01109,2018,4.483333333333333
01109,2019,3.45
01109,2020,5.466666666666667
01109,2021,3.216666666666667
01109,2022,2.7416666666666667
01111,1990,7.791666666666667
01111,1991,9.733333333333333
01111,1992,7.65
01111,1993,9.216666666666667
01111,1994,6.95
01111,1995,7.541666666666667
01111,1996,5.966666666666667
01111,1997,4.6
01111,1998,5.275
01111,1999,5.958333333333333
01111,2000,4.9
01111,2001,6.35
01111,2002,6.808333333333334
01111,2003,7.383333333333333
01111,2004,6.658333333333333
01111,2005,6.116666666666666
01111,2006,5.283333333333333
01111,2007,5.2
01111,2008,7.566666666666666
01111,2009,13.741666666666667
01111,2010,13.166666666666666
01111,2011,11.258333333333333
01111,2012,9.391666666666667
01111,2013,7.866666666666667
01111,2014,6.716666666666667
01111,2015,5.933333333333334
01111,2016,5.591666666666667
01111,2017,4.483333333333333
01111,2018,3.9833333333333334
01111,2019,3.225
01111,2020,5.308333333333334
01111,2021,2.7416666666666667
01111,2022,2.441666666666667
01113,1990,8.175
01113,1991,8.475
01113,1992,7.958333333333333
01113,1993,7.491666666666667
01113,1994,6.016666666666667
01113,1995,6.075
01113,1996,4.641666666666667
01113,1997,4.491666666666666
01113,1998,4.025
01113,1999,4.825
01113,2000,4.658333333333333
01113,2001,5.575
01113,2002,7.033333333333333
01113,2003,7.5
01113,2004,6.466666666666667
01113,2005,5.966666666666667
01113,2006,5.825
01113,2007,6.191666666666666
01113,2008,8.258333333333333
01113,2009,11.333333333333334
01113,2010,10.741666666666667
01113,2011,10.216666666666667
01113,2012,9.025
01113,2013,7.35
01113,2014,6.516666666666667
01113,2015,5.975
01113,2016,5.566666666666666
01113,2017,4.425
01113,2018,4
01113,2019,3.125
01113,2020,5.791666666666667
01113,2021,3.058333333333333
01113,2022,2.591666666666667
01115,1990,5.566666666666666
01115,1991,6.125
01115,1992,6.816666666666666
01115,1993,6.158333333333333
01115,1994,4.05
01115,1995,3.658333333333333
01115,1996,3.275
01115,1997,3.316666666666667
01115,1998,2.9583333333333335
01115,1999,3.4499999999999997
01115,2000,3.783333333333333
01115,2001,4.225
01115,2002,5.125
01115,2003,5.183333333333334
01115,2004,4.941666666666666
01115,2005,3.9333333333333336
01115,2006,3.4833333333333334
01115,2007,3.4833333333333334
01115,2008,5.2
01115,2009,9.983333333333334
01115,2010,9.991666666666667
01115,2011,8.708333333333334
01115,2012,7.058333333333334
01115,2013,6.233333333333333
01115,2014,5.741666666666667
01115,2015,5.241666666666666
01115,2016,5.2
01115,2017,4.058333333333334
01115,2018,3.45
01115,2019,2.841666666666667
01115,2020,5.45
01115,2021,2.6416666666666666
01115,2022,2.2333333333333334
01117,1990,3.2916666666666665
01117,1991,3.933333333333333
01117,1992,4.116666666666666
01117,1993,3.4416666666666664
01117,1994,2.8833333333333333
01117,1995,2.4583333333333335
01117,1996,1.9416666666666667
01117,1997,1.8166666666666667
01117,1998,1.5666666666666667
01117,1999,1.6333333333333333
01117,2000,2.7583333333333333
01117,2001,2.941666666666667
01117,2002,3.55
01117,2003,3.5166666666666666
01117,2004,3.3333333333333335
01117,2005,3.0666666666666664
01117,2006,2.716666666666667
01117,2007,2.6666666666666665
01117,2008,3.8666666666666667
01117,2009,7.1
01117,2010,6.991666666666666
01117,2011,6.166666666666667
01117,2012,5.158333333333333
01117,2013,4.708333333333333
01117,2014,4.458333333333333
01117,2015,4.225
01117,2016,4.316666666666666
01117,2017,3.3
01117,2018,2.825
01117,2019,2.325
01117,2020,4.258333333333334
01117,2021,2.15
01117,2022,1.825
01119,1990,9.775
01119,1991,10.858333333333333
01119,1992,12.591666666666667
01119,1993,12.491666666666667
01119,1994,12.525
01119,1995,12.908333333333333
01119,1996,12.508333333333333
01119,1997,12.166666666666666
01119,1998,9.791666666666666
01119,1999,10.791666666666666
01119,2000,9.175
01119,2001,8.533333333333333
01119,2002,9.008333333333333
01119,2003,10.016666666666666
01119,2004,9.391666666666667
01119,2005,7.2
01119,2006,6.741666666666666
01119,2007,6.658333333333333
01119,2008,9.05
01119,2009,13.716666666666667
01119,2010,13.075
01119,2011,13
01119,2012,10.75
01119,2013,9.15
01119,2014,8.425
01119,2015,8.033333333333333
01119,2016,7.708333333333333
01119,2017,6.691666666666666
01119,2018,5.783333333333333
01119,2019,4.783333333333333
01119,2020,7.741666666666666
01119,2021,4.491666666666666
01119,2022,3.683333333333333
01121,1990,9.25
01121,1991,9.316666666666666
01121,1992,9.933333333333334
01121,1993,8.541666666666666
01121,1994,7.908333333333333
01121,1995,7.266666666666667
01121,1996,7.933333333333334
01121,1997,6.691666666666666
01121,1998,5.533333333333333
01121,1999,6.016666666666667
01121,2000,5.225
01121,2001,6.6
01121,2002,7.383333333333334
01121,2003,7.708333333333333
01121,2004,6.691666666666666
01121,2005,4.758333333333334
01121,2006,5.125
01121,2007,5.291666666666667
01121,2008,7.45
01121,2009,13.241666666666667
01121,2010,13.233333333333333
01121,2011,11.483333333333333
01121,2012,9.591666666666667
01121,2013,8.725
01121,2014,7.7
01121,2015,6.583333333333333
01121,2016,6.608333333333333
01121,2017,5.108333333333333
01121,2018,4.233333333333333
01121,2019,3.591666666666667
01121,2020,7.766666666666667
01121,2021,4.15
01121,2022,3.3
01123,1990,6.458333333333333
01123,1991,6.2
01123,1992,5.1
01123,1993,6.883333333333333
01123,1994,6.3
01123,1995,5.6
01123,1996,5.858333333333333
01123,1997,5.108333333333333
01123,1998,4.541666666666667
01123,1999,5.183333333333334
01123,2000,4.958333333333333
01123,2001,5.983333333333333
01123,2002,7.891666666666667
01123,2003,6.883333333333334
01123,2004,6.15
01123,2005,4.475
01123,2006,5.025
01123,2007,5.425
01123,2008,7.408333333333333
01123,2009,12.475
01123,2010,12.9
01123,2011,11.308333333333334
01123,2012,8.85
01123,2013,8.216666666666667
01123,2014,7.466666666666667
01123,2015,6.116666666666666
01123,2016,5.583333333333333
01123,2017,4.3
01123,2018,4.116666666666667
01123,2019,3.15
01123,2020,7.683333333333334
01123,2021,4.041666666666667
01123,2022,3.0166666666666666
01125,1990,4.591666666666667
01125,1991,5.25
01125,1992,5.908333333333333
01125,1993,5.183333333333334
01125,1994,4.725
01125,1995,4.416666666666667
01125,1996,3.6083333333333334
01125,1997,3.275
01125,1998,2.8833333333333333
01125,1999,2.95
01125,2000,3.975
01125,2001,4.233333333333333
01125,2002,4.658333333333333
01125,2003,4.883333333333334
01125,2004,4.658333333333333
01125,2005,3.716666666666667
01125,2006,3.2583333333333333
01125,2007,3.35
01125,2008,4.883333333333333
01125,2009,9.3
01125,2010,9.116666666666667
01125,2011,8.291666666666666
01125,2012,7.166666666666667
01125,2013,6.441666666666666
01125,2014,5.858333333333333
01125,2015,5.458333333333333
01125,2016,5.666666666666667
01125,2017,4.258333333333334
01125,2018,3.6333333333333333
01125,2019,2.8583333333333334
01125,2020,7.333333333333333
01125,2021,3.6416666666666666
01125,2022,2.683333333333333
01127,1990,9.4
01127,1991,11.741666666666667
01127,1992,12.275
01127,1993,10.625
01127,1994,8.891666666666666
01127,1995,7.316666666666666
01127,1996,6.5
01127,1997,7.808333333333334
01127,1998,5.983333333333333
01127,1999,6.208333333333333
01127,2000,5.866666666666667
01127,2001,6.066666666666666
01127,2002,6.366666666666666
01127,2003,6.441666666666666
01127,2004,6.016666666666667
01127,2005,4.375
01127,2006,4.516666666666667
01127,2007,4.4
01127,2008,5.916666666666667
01127,2009,10.675
01127,2010,12.483333333333333
01127,2011,11.2
01127,2012,9.408333333333333
01127,2013,8.575
01127,2014,7.85
01127,2015,7.266666666666667
01127,2016,7.466666666666667
01127,2017,5.15
01127,2018,4.216666666666667
01127,2019,3.466666666666667
01127,2020,6.466666666666667
01127,2021,3.6333333333333333
01127,2022,2.8333333333333335
01129,1990,10.75
01129,1991,13.416666666666666
01129,1992,16.9
01129,1993,17.141666666666666
01129,1994,13.35
01129,1995,13.466666666666667
01129,1996,11.316666666666666
01129,1997,13.133333333333333
01129,1998,13.033333333333333
01129,1999,12.091666666666667
01129,2000,6.916666666666667
01129,2001,9.058333333333334
01129,2002,10.416666666666666
01129,2003,10.366666666666667
01129,2004,9.408333333333333
01129,2005,6.158333333333333
01129,2006,5.741666666666666
01129,2007,6.058333333333334
01129,2008,8.716666666666667
01129,2009,13.875
01129,2010,13.966666666666667
01129,2011,14.408333333333333
01129,2012,12.191666666666666
01129,2013,11.008333333333333
01129,2014,9.55
01129,2015,8.958333333333334
01129,2016,8.658333333333333
01129,2017,6.925
01129,2018,5.75
01129,2019,4.916666666666666
01129,2020,8.808333333333334
01129,2021,4.666666666666667
01129,2022,3.8833333333333333
01131,1990,12.491666666666667
01131,1991,15.583333333333334
01131,1992,17.875
01131,1993,17.46666666666667
01131,1994,15.283333333333333
01131,1995,15.608333333333333
01131,1996,14.116666666666667
01131,1997,14.025
01131,1998,13.575
01131,1999,14.166666666666666
01131,2000,8.816666666666666
01131,2001,10.191666666666666
01131,2002,11.458333333333334
01131,2003,12.291666666666666
01131,2004,11.866666666666667
01131,2005,9.166666666666666
01131,2006,8.633333333333333
01131,2007,9.841666666666667
01131,2008,14.391666666666666
01131,2009,24.266666666666666
01131,2010,25.808333333333334
01131,2011,22.916666666666668
01131,2012,20.341666666666665
01131,2013,19.491666666666667
01131,2014,16.816666666666666
01131,2015,14.716666666666667
01131,2016,14.441666666666666
01131,2017,11.641666666666666
01131,2018,9.425
01131,2019,7.441666666666666
01131,2020,15.975
01131,2021,10.975
01131,2022,9.5
01133,1990,11.933333333333334
01133,1991,12.566666666666666
01133,1992,9.416666666666666
01133,1993,7.5
01133,1994,5.983333333333333
01133,1995,6.125
01133,1996,6.325
01133,1997,7.5
01133,1998,5.883333333333334
01133,1999,6.316666666666666
01133,2000,7.891666666666667
01133,2001,9.483333333333333
01133,2002,8.775
01133,2003,9.433333333333334
01133,2004,7.191666666666666
01133,2005,5.016666666666667
01133,2006,4.891666666666667
01133,2007,5.7
01133,2008,9
01133,2009,16.366666666666667
01133,2010,15.666666666666666
01133,2011,13.375
01133,2012,10.208333333333334
01133,2013,9.533333333333333
01133,2014,8.55
01133,2015,7.566666666666666
01133,2016,7.116666666666666
01133,2017,5.158333333333333
01133,2018,4.158333333333333
01133,2019,3.4916666666666667
01133,2020,5.25
01133,2021,2.775
01133,2022,2.4166666666666665
02013,1990,0.4083333333333333
02013,1991,1.1916666666666667
02013,1992,1.4166666666666667
02013,1993,2.0083333333333333
02013,1994,2.8666666666666667
02013,1995,3.525
02013,1996,4.216666666666667
02013,1997,3.5583333333333336
02013,1998,3.3083333333333336
02013,1999,3.6833333333333336
02013,2000,9.566666666666666
02013,2001,8.875
02013,2002,9.608333333333334
02013,2003,10.583333333333334
02013,2004,9.45
02013,2005,10.325
02013,2006,9.333333333333334
02013,2007,8.675
02013,2008,9.008333333333333
02013,2009,11
02013,2010,6.433333333333334
02013,2011,7.116666666666667
02013,2012,7.558333333333334
02013,2013,6.45
02013,2014,4.633333333333333
02013,2015,3.5083333333333333
02013,2016,2.875
02013,2017,2.7083333333333335
02013,2018,3.275
02013,2019,2.775
02013,2020,4.516666666666667
02013,2021,2.4583333333333335
02013,2022,2.2083333333333335
02016,1990,0.49166666666666664
02016,1991,0.95
02016,1992,1.0833333333333333
02016,1993,1.25
02016,1994,2.4166666666666665
02016,1995,2.691666666666667
02016,1996,3.8833333333333333
02016,1997,5.566666666666666
02016,1998,7.016666666666667
02016,1999,6.775
02016,2000,5.433333333333334
02016,2001,6.333333333333333
02016,2002,6.766666666666667
02016,2003,6.725
02016,2004,7.108333333333333
02016,2005,6.166666666666667
02016,2006,6.216666666666667
02016,2007,5.875
02016,2008,6.216666666666667
02016,2009,7.941666666666666
02016,2010,5.733333333333333
02016,2011,6.583333333333334
02016,2012,7.608333333333333
02016,2013,7.416666666666667
02016,2014,4.95
02016,2015,3.9
02016,2016,3.341666666666667
02016,2017,3.591666666666667
02016,2018,3.408333333333333
02016,2019,3.3166666666666664
02016,2020,5.075
02016,2021,3.75
02016,2022,3.2083333333333335
02020,1990,5.275
02020,1991,6.55
02020,1992,7.083333333333333
02020,1993,6
02020,1994,5.541666666666666
02020,1995,5.266666666666667
02020,1996,5.191666666666666
02020,1997,5.075
02020,1998,4.475
02020,1999,4.566666666666666
02020,2000,5.033333333333333
02020,2001,4.925
02020,2002,5.733333333333333
02020,2003,6.216666666666667
02020,2004,5.9
02020,2005,5.525
02020,2006,5.325
02020,2007,5.033333333333333
02020,2008,5.241666666666667
02020,2009,6.716666666666667
02020,2010,6.816666666666666
02020,2011,6.083333333333333
02020,2012,5.433333333333334
02020,2013,5.208333333333333
02020,2014,5.108333333333333
02020,2015,4.858333333333333
02020,2016,5.291666666666667
02020,2017,5.433333333333334
02020,2018,4.991666666666666
02020,2019,4.491666666666666
02020,2020,7.85
02020,2021,5.833333333333333
02020,2022,3.625
02050,1990,7.291666666666666
02050,1991,8.375
02050,1992,8.658333333333333
02050,1993,7.083333333333333
02050,1994,7.358333333333333
02050,1995,8.083333333333334
02050,1996,9.058333333333334
02050,1997,7.875
02050,1998,8.216666666666667
02050,1999,8.525
02050,2000,8.95
02050,2001,9.791666666666666
02050,2002,10.45
02050,2003,12.075
02050,2004,12.641666666666666
02050,2005,12.883333333333333
02050,2006,13.208333333333334
02050,2007,12.658333333333333
02050,2008,13.433333333333334
02050,2009,14.5
02050,2010,15.125
02050,2011,15.316666666666666
02050,2012,15.55
02050,2013,16.208333333333332
02050,2014,15.825
02050,2015,13.941666666666666
02050,2016,13.716666666666667
02050,2017,12.7
02050,2018,11.783333333333333
02050,2019,11.641666666666667
02050,2020,12.166666666666666
02050,2021,13.116666666666667
02050,2022,10.391666666666667
02060,1990,4.258333333333333
02060,1991,5.225
02060,1992,5.566666666666667
02060,1993,5.933333333333334
02060,1994,6.075
02060,1995,6.5
02060,1996,6.95
02060,1997,7.325
02060,1998,8.433333333333334
02060,1999,9.05
02060,2000,7.258333333333333
02060,2001,6.4
02060,2002,7.641666666666667
02060,2003,7.408333333333333
02060,2004,8.191666666666666
02060,2005,8.733333333333334
02060,2006,8.241666666666667
02060,2007,6.991666666666667
02060,2008,7.533333333333333
02060,2009,8.083333333333334
02060,2010,14.183333333333334
02060,2011,12.883333333333333
02060,2012,13.316666666666666
02060,2013,12.366666666666667
02060,2014,11.275
02060,2015,11.575
02060,2016,9.208333333333334
02060,2017,8.316666666666666
02060,2018,8.091666666666667
02060,2019,7.65
02060,2020,9.975
02060,2021,7.7
02060,2022,5.766666666666667
02068,1990,13.075
02068,1991,12.15
02068,1992,9.608333333333333
02068,1993,9.283333333333333
02068,1994,9.058333333333334
02068,1995,9.083333333333334
02068,1996,8.533333333333333
02068,1997,10.133333333333333
02068,1998,8.591666666666667
02068,1999,8.475
02068,2000,8.95
02068,2001,8.325
02068,2002,9.608333333333333
02068,2003,12.033333333333333
02068,2004,11.433333333333334
02068,2005,9.5
02068,2006,8.65
02068,2007,9.175
02068,2008,9.125
02068,2009,11.9
02068,2010,15.466666666666667
02068,2011,17.4
02068,2012,17.983333333333334
02068,2013,16.825
02068,2014,13.683333333333334
02068,2015,11.741666666666667
02068,2016,12.191666666666666
02068,2017,11.475
02068,2018,9.925
02068,2019,10.358333333333334
02068,2020,17.391666666666666
02068,2021,11.25
02068,2022,10.166666666666666
02070,1990,6.75
02070,1991,6.85
02070,1992,8.158333333333333
02070,1993,7.608333333333333
02070,1994,7.116666666666667
02070,1995,6.291666666666667
02070,1996,7.466666666666667
02070,1997,6.475
02070,1998,7.1
02070,1999,7.408333333333333
02070,2000,7.383333333333334
02070,2001,8.075
02070,2002,10.108333333333333
02070,2003,11.058333333333334
02070,2004,10.925
02070,2005,10.816666666666666
02070,2006,9.591666666666667
02070,2007,9.133333333333333
02070,2008,9.141666666666667
02070,2009,10.608333333333334
02070,2010,10.625
02070,2011,10.966666666666667
02070,2012,10.183333333333334
02070,2013,10.366666666666667
02070,2014,10.05
02070,2015,9.508333333333333
02070,2016,9.416666666666666
02070,2017,8.5
02070,2018,7.558333333333334
02070,2019,7.241666666666667
02070,2020,8.758333333333333
02070,2021,8.216666666666667
02070,2022,6.383333333333334
02090,1990,8.716666666666667
02090,1991,9.725
02090,1992,9.45
02090,1993,8.466666666666667
02090,1994,8.125
02090,1995,7.566666666666666
02090,1996,7.308333333333334
02090,1997,6.691666666666666
02090,1998,6.158333333333333
02090,1999,5.991666666666666
02090,2000,6.1
02090,2001,5.933333333333334
02090,2002,6.508333333333333
02090,2003,6.916666666666667
02090,2004,6.458333333333333
02090,2005,5.891666666666667
02090,2006,5.691666666666666
02090,2007,5.508333333333334
02090,2008,5.866666666666667
02090,2009,7.3
02090,2010,6.9
02090,2011,6.6
02090,2012,6.175
02090,2013,5.875
02090,2014,5.683333333333334
02090,2015,5.283333333333333
02090,2016,5.633333333333333
02090,2017,5.691666666666666
02090,2018,5.241666666666667
02090,2019,4.75
02090,2020,6.683333333333334
02090,2021,5.025
02090,2022,3.8166666666666664
02100,1990,7.283333333333333
02100,1991,14.35
02100,1992,11.991666666666667
02100,1993,9.341666666666667
02100,1994,10.275
02100,1995,11.083333333333334
02100,1996,11.116666666666667
02100,1997,10.391666666666666
02100,1998,10.158333333333333
02100,1999,10.808333333333334
02100,2000,8.991666666666667
02100,2001,10.608333333333333
02100,2002,12.4
02100,2003,12.808333333333334
02100,2004,11.15
02100,2005,10.266666666666666
02100,2006,9.233333333333334
02100,2007,8.391666666666666
02100,2008,9.283333333333333
02100,2009,10.225
02100,2010,11.525
02100,2011,10.775
02100,2012,10.541666666666666
02100,2013,10.666666666666666
02100,2014,11.058333333333334
02100,2015,10.075
02100,2016,10.291666666666666
02100,2017,8.858333333333333
02100,2018,9.375
02100,2019,8.741666666666667
02100,2020,16.216666666666665
02100,2021,11.508333333333333
02100,2022,8.325
02105,2010,14.925
02105,2011,15.866666666666667
02105,2012,15.091666666666667
02105,2013,15.233333333333334
02105,2014,15.45
02105,2015,15.15
02105,2016,12.283333333333333
02105,2017,12.191666666666666
02105,2018,12.125
02105,2019,10.766666666666667
02105,2020,13.975
02105,2021,9.608333333333334
02105,2022,7.266666666666667
02110,1990,5.308333333333334
02110,1991,6.2
02110,1992,6.85
02110,1993,6.183333333333334
02110,1994,5.95
02110,1995,5.808333333333334
02110,1996,5.9
02110,1997,5.575
02110,1998,5.7
02110,1999,5.025
02110,2000,4.641666666666667
02110,2001,4.658333333333333
02110,2002,5.375
02110,2003,5.716666666666667
02110,2004,5.841666666666667
02110,2005,5.375
02110,2006,4.858333333333333
02110,2007,4.475
02110,2008,4.658333333333333
02110,2009,6.083333333333333
02110,2010,6.116666666666667
02110,2011,5.675
02110,2012,5.191666666666666
02110,2013,5.066666666666666
02110,2014,4.966666666666667
02110,2015,4.566666666666666
02110,2016,4.308333333333334
02110,2017,4.316666666666666
02110,2018,4.025
02110,2019,3.975
02110,2020,7.008333333333333
02110,2021,4.741666666666667
02110,2022,2.9916666666666667
02122,1990,12.225
02122,1991,13.233333333333333
02122,1992,15
02122,1993,13.175
02122,1994,12.583333333333334
02122,1995,12.416666666666666
02122,1996,13.475
02122,1997,12.1
02122,1998,10.7
02122,1999,11.083333333333334
02122,2000,8.258333333333333
02122,2001,8.191666666666666
02122,2002,9.541666666666666
02122,2003,10.1
02122,2004,9.633333333333333
02122,2005,8.891666666666666
02122,2006,8.241666666666667
02122,2007,7.858333333333333
02122,2008,7.966666666666667
02122,2009,10.15
02122,2010,10.358333333333333
02122,2011,9.783333333333333
02122,2012,8.816666666666666
02122,2013,8.125
02122,2014,7.766666666666667
02122,2015,7.6
02122,2016,8.208333333333334
02122,2017,7.758333333333334
02122,2018,7.0249999999999995
02122,2019,6.175
02122,2020,9.5
02122,2021,7.325
02122,2022,5.291666666666667
02130,1990,8.016666666666667
02130,1991,9.283333333333333
02130,1992,9.258333333333333
02130,1993,8.825
02130,1994,8.241666666666667
02130,1995,7.691666666666666
02130,1996,8.333333333333332
02130,1997,8.375
02130,1998,7.683333333333334
02130,1999,7.225
02130,2000,6.366666666666667
02130,2001,6.783333333333333
02130,2002,8.475
02130,2003,8.125
02130,2004,7.641666666666667
02130,2005,6.925
02130,2006,6.233333333333333
02130,2007,5.7250000000000005
02130,2008,5.833333333333333
02130,2009,7.508333333333333
02130,2010,9.208333333333334
02130,2011,8.966666666666667
02130,2012,8.383333333333333
02130,2013,7.975
02130,2014,7.841666666666667
02130,2015,6.783333333333333
02130,2016,6.333333333333333
02130,2017,5.833333333333333
02130,2018,5.583333333333333
02130,2019,5.658333333333333
02130,2020,10.116666666666667
02130,2021,7.4
02130,2022,4.716666666666667
02150,1990,5.4
02150,1991,7.833333333333333
02150,1992,10.241666666666667
02150,1993,9.933333333333334
02150,1994,11.658333333333333
02150,1995,9.766666666666667
02150,1996,8.9
02150,1997,8.75
02150,1998,7.925
02150,1999,7.241666666666667
02150,2000,8.408333333333333
02150,2001,8.958333333333334
02150,2002,9
02150,2003,9.675
02150,2004,8.875
02150,2005,8.425
02150,2006,7.516666666666667
02150,2007,6.233333333333333
02150,2008,6.65
02150,2009,7.416666666666667
02150,2010,7.666666666666667
02150,2011,7.616666666666666
02150,2012,6.816666666666666
02150,2013,6.283333333333333
02150,2014,5.591666666666667
02150,2015,4.708333333333333
02150,2016,4.95
02150,2017,4.708333333333333
02150,2018,5.416666666666667
02150,2019,5.033333333333333
02150,2020,6.658333333333333
02150,2021,6.466666666666667
02150,2022,4.7
02164,1990,6.075
02164,1991,7.1
02164,1992,8.683333333333334
02164,1993,7.5249999999999995
02164,1994,6
02164,1995,7.075
02164,1996,7.566666666666666
02164,1997,6.441666666666666
02164,1998,7.875
02164,1999,7.4
02164,2000,6.216666666666667
02164,2001,7.208333333333333
02164,2002,8.166666666666666
02164,2003,9.133333333333333
02164,2004,11.016666666666666
02164,2005,7.566666666666666
02164,2006,6.45
02164,2007,5.625
02164,2008,6.925
02164,2009,8.741666666666667
02164,2010,15.508333333333333
02164,2011,16
02164,2012,15.941666666666666
02164,2013,15.991666666666667
02164,2014,16.441666666666666
02164,2015,12.508333333333333
02164,2016,12.291666666666666
02164,2017,11.416666666666666
02164,2018,10.475
02164,2019,9.316666666666666
02164,2020,11.375
02164,2021,9.116666666666667
02164,2022,7.066666666666666
02170,1990,12.241666666666667
02170,1991,11.941666666666666
02170,1992,13.016666666666666
02170,1993,11
02170,1994,10.491666666666667
02170,1995,10.191666666666666
02170,1996,10.325
02170,1997,9.275
02170,1998,7.575
02170,1999,8.25
02170,2000,7.258333333333334
02170,2001,7.025
02170,2002,8.15
02170,2003,8.633333333333333
02170,2004,8.341666666666667
02170,2005,7.675
02170,2006,7.475
02170,2007,7.108333333333333
02170,2008,7.3500000000000005
02170,2009,9.141666666666666
02170,2010,9.783333333333333
02170,2011,9.391666666666666
02170,2012,8.791666666666666
02170,2013,8.391666666666666
02170,2014,7.916666666666667
02170,2015,7.425
02170,2016,7.875
02170,2017,7.741666666666666
02170,2018,6.866666666666666
02170,2019,6.141666666666667
02170,2020,8.708333333333334
02170,2021,6.808333333333334
02170,2022,5.083333333333333
02180,1990,9.275
02180,1991,10.858333333333334
02180,1992,12.408333333333333
02180,1993,11.875
02180,1994,11.975
02180,1995,12.975
02180,1996,12.266666666666667
02180,1997,10.416666666666666
02180,1998,9.908333333333333
02180,1999,11.575
02180,2000,9.675
02180,2001,9.641666666666666
02180,2002,9.9
02180,2003,10.725
02180,2004,11.633333333333333
02180,2005,12.483333333333333
02180,2006,12.066666666666666
02180,2007,11.025
02180,2008,10.041666666666666
02180,2009,12.025
02180,2010,12.983333333333333
02180,2011,12.583333333333334
02180,2012,11.841666666666667
02180,2013,12.383333333333333
02180,2014,12.116666666666667
02180,2015,11.541666666666666
02180,2016,12.266666666666667
02180,2017,11.391666666666666
02180,2018,10.458333333333334
02180,2019,9.95
02180,2020,10.966666666666667
02180,2021,9.716666666666667
02180,2022,8.333333333333334
02185,1990,3.658333333333333
02185,1991,4.375
02185,1992,4.225
02185,1993,4.625
02185,1994,3.841666666666667
02185,1995,3.7
02185,1996,4.608333333333333
02185,1997,4.841666666666667
02185,1998,5.775
02185,1999,8.008333333333333
02185,2000,8.391666666666666
02185,2001,7.425
02185,2002,8.566666666666666
02185,2003,10.2
02185,2004,10.216666666666667
02185,2005,9.075000000000001
02185,2006,6.891666666666667
02185,2007,5.35
02185,2008,4.108333333333333
02185,2009,4.875
02185,2010,8.333333333333334
02185,2011,7.8
02185,2012,7.85
02185,2013,7.4
02185,2014,5.85
02185,2015,5.525
02185,2016,6.541666666666667
02185,2017,6.95
02185,2018,6.291666666666667
02185,2019,5.75
02185,2020,6.25
02185,2021,6.366666666666667
02185,2022,5.416666666666667
